"Customer ID","Campaign","Ad group","Keyword","Match type","Status"
"386-792-3119","DEV - New Plan - Search - Mobile","Talah - EN","Talah","Exact","Enabled"
"386-792-3119","DEV - Palm Hills Developments - Search - Mobile","VILLAGE DE LA CAPITALE - EN","VILLAGE DE LA CAPITALE","Exact","Enabled"
"386-792-3119","DEV - Modon Egypt - Search - Mobile","Lagoons New Capital - EN","Lagoons New Capital","Exact","Enabled"
"386-792-3119","DEV - Modon Egypt - Search - Mobile","Modon Green River Tower - AR","مدن النهر الاخضر تاور","Exact","Enabled"
"386-792-3119","DEV - Palm Hills Developments - Search - Mobile","PX-Phase One - EN","PX-Phase One","Exact","Enabled"
"386-792-3119","DEV - New Plan - Search - Mobile","Tonino Lamborghini Residences - EN","Tonino Lamborghini Residences","Exact","Enabled"
"386-792-3119","DEV - New Plan - Search - Mobile","Atika - AR","أتيكا","Exact","Enabled"
"386-792-3119","DEV - Palm Hills Developments - Search - Mobile","Jirian-Phase One - AR","جريان المرحلة الاولى","Exact","Enabled"
"386-792-3119","DEV - Palm Hills Developments - Search - Mobile","Hacienda Waters - EN","Hacienda Waters","Exact","Enabled"
"386-792-3119","DEV - New Plan - Search - Mobile","Atika - EN","Atika","Exact","Enabled"
"386-792-3119","DEV - Modon Egypt - Search - Mobile","Boutique Village 2 - EN","Boutique Village 2","Exact","Enabled"
"386-792-3119","DEV - New Plan - Search - Mobile","Talah - AR","طله","Exact","Enabled"
"386-792-3119","DEV - New Plan - Search - Mobile","Tonino Lamborghini Residences - AR","تونينو لامبورجيني ريزيدنس","Exact","Enabled"
"386-792-3119","DEV - Modon Egypt - Search - Mobile","Boutique Village 2 - AR","بوتيك فيلدج 2","Exact","Enabled"
"386-792-3119","DEV - New Plan - Search - Mobile","Amara - AR","امارا","Exact","Enabled"
"386-792-3119","DEV - City Edge Developments - Search - Mobile","New Garden City - AR","نيو جاردن سيتى","Exact","Enabled"
"386-792-3119","DEV - City Edge Developments - Search - Mobile","Il Latini City Edge - EN","Il Latini City Edge","Exact","Enabled"
"386-792-3119","DEV - City Edge Developments - Search - Mobile","New Garden City - EN","New Garden City","Exact","Enabled"
"386-792-3119","DEV - Taj Misr Developments - Search - Mobile","Dejoya Residence - EN","Dejoya Residence","Exact","Enabled"
"386-792-3119","DEV - Taj Misr Developments - Search - Mobile","Taj Tower 2 - AR","تاج تاور 2","Exact","Enabled"
"386-792-3119","DEV - Taj Misr Developments - Search - Mobile","Taj Tower - AR","تاج تاور","Exact","Enabled"
"386-792-3119","DEV - Taj Misr Developments - Search - Mobile","Taj Tower - EN","Taj Tower","Exact","Enabled"
"386-792-3119","DEV - Taj Misr Developments - Search - Mobile","Dejoya Residence - AR","ديجويا ريزيدنس","Exact","Enabled"
"386-792-3119","DEV - Taj Misr Developments - Search - Mobile","De Joya 4 - EN","De Joya 4","Exact","Enabled"
"386-792-3119","DEV - Palm Hills Developments - Search - Mobile","PX-Phase One - AR","بي إكس المرحلة الأولى","Exact","Enabled"
"386-792-3119","DEV - New Plan - Search - Mobile","Amara - EN","Amara","Exact","Enabled"
"386-792-3119","DEV - Palm Hills Developments - Search - Mobile","Jirian-Phase One - EN","Jirian-Phase One","Exact","Enabled"
"386-792-3119","DEV - Palm Hills Developments - Search - Mobile","Hacienda Waters - AR","هاسيندا ووترز","Exact","Enabled"
"386-792-3119","DEV - Modon Egypt - Search - Mobile","The V Residence - Villagio - EN","The V Residence - Villagio","Exact","Enabled"
"386-792-3119","DEV - Modon Egypt - Search - Mobile","Lagoons New Capital - AR","لاجونز العاصمة","Exact","Enabled"
"386-792-3119","DEV - Modon Egypt - Search - Mobile","The V Residence - Villagio - AR","ذا فى ريزيدنس - فيلاجيو","Exact","Enabled"
"386-792-3119","DEV - Modon Egypt - Search - Mobile","Modon Green River Tower - EN","Modon Green River Tower","Exact","Enabled"
"386-792-3119","DEV - Palm Hills Developments - Search - Mobile","VILLAGE DE LA CAPITALE - AR","فيلاج دو لا كابيتال","Exact","Enabled"
"386-792-3119","DEV - Hyde Park - Search - Mobile","Hyde Park Central - EN","Hyde Park Central","Exact","Enabled"
"386-792-3119","DEV - Hyde Park - Search - Mobile","Lagoon Town - AR","لاجون تاون","Exact","Enabled"
"386-792-3119","DEV - Hyde Park - Search - Mobile","Hyde Park Signature - AR","هايد بارك سيجنتشر","Exact","Enabled"
"386-792-3119","DEV - Hyde Park - Search - Mobile","Hyde Park Signature - EN","Hyde Park Signature","Exact","Enabled"
"386-792-3119","DEV - Hyde Park - Search - Mobile","Parkway Residence - Hyde Park - EN","Parkway Residence - Hyde Park","Exact","Enabled"
"386-792-3119","DEV - Hyde Park - Search - Mobile","Parkway Residence - Hyde Park - AR","بارك واي ريزيدنس - هايد بارك","Exact","Enabled"
"386-792-3119","DEV - Hyde Park - Search - Mobile","Lagoon Town - EN","Lagoon Town","Exact","Enabled"
"386-792-3119","DEV - Hyde Park - Search - Mobile","Hyde Park Central - AR","هايد بارك سنترال","Exact","Enabled"
"386-792-3119","DEV - Saudi Egyptian Developers (SED) - Search - Mobile","Il Latini SED - EN","Il Latini SED","Exact","Enabled"
"386-792-3119","DEV - Better Home - Search - Mobile","Midtown condo - EN","Midtown condo","Exact","Enabled"
"386-792-3119","DEV - Gates Development - Search - Mobile","Venia - EN","Venia","Exact","Enabled"
"386-792-3119","DEV - Gates Development - Search - Mobile","Catalan - EN","Catalan","Exact","Enabled"
"386-792-3119","DEV - Saudi Egyptian Developers (SED) - Search - Mobile","Il Latini SED - AR","SED الحي اللاتيني","Exact","Enabled"
"386-792-3119","DEV - Gates Development - Search - Mobile","Lyv Caesar - Ras El Hekma - EN","Lyv Caesar - Ras El Hekma","Exact","Enabled"
"386-792-3119","DEV - Better Home - Search - Mobile","Cairo Business Plaza - AR","كايرو بيزنس بلازا","Exact","Enabled"
"386-792-3119","DEV - Gates Development - Search - Mobile","Venia - AR","فينيا","Exact","Enabled"
"386-792-3119","DEV - Saudi Egyptian Developers (SED) - Search - Mobile","Tierra - AR","تييرا","Exact","Enabled"
"386-792-3119","DEV - Better Home - Search - Mobile","Midtown condo - AR","ميد تاون كوندو","Exact","Enabled"
"386-792-3119","DEV - Saudi Egyptian Developers (SED) - Search - Mobile","Marina 8 By The Lake - AR","مارينا 8 باى ذا ليك","Exact","Enabled"
"386-792-3119","DEV - Gates Development - Search - Mobile","Lugar - AR","لوجار","Exact","Enabled"
"386-792-3119","DEV - Gates Development - Search - Mobile","Catalan - AR","كاتالان","Exact","Enabled"
"386-792-3119","DEV - Saudi Egyptian Developers (SED) - Search - Mobile","Tierra - EN","Tierra","Exact","Enabled"
"386-792-3119","DEV - Saudi Egyptian Developers (SED) - Search - Mobile","Bleu Vert - EN","Bleu Vert","Exact","Enabled"
"386-792-3119","DEV - Madinet Masr - Search - Mobile","Talala - AR","طلاله","Exact","Enabled"
"386-792-3119","DEV - Madinet Masr - Search - Mobile","ELM Tree - Sarai - EN","ELM Tree - Sarai","Exact","Enabled"
"386-792-3119","DEV - Madinet Masr - Search - Mobile","ELM Tree - Sarai - AR","ايلم ترى - سراى","Exact","Enabled"
"386-792-3119","DEV - Madinet Masr - Search - Mobile","Talala - EN","Talala","Exact","Enabled"
"386-792-3119","DEV - Madinet Masr - Search - Mobile","The Butterfly - EN","The Butterfly","Exact","Enabled"
"386-792-3119","DEV - Madinet Masr - Search - Mobile","The Butterfly - AR","ذا بترفلاى","Exact","Enabled"
"386-792-3119","DEV - Madinet Masr - Search - Mobile","Club Views - Sarai - AR","كلوب فيوز - سراى","Exact","Enabled"
"386-792-3119","DEV - Madinet Masr - Search - Mobile","Club Views - Sarai - EN","Club Views - Sarai","Exact","Enabled"
"386-792-3119","DEV - Sky AD Developments - Search - Mobile","Bluetree - EN","Bluetree","Exact","Enabled"
"386-792-3119","DEV - Sky AD Developments - Search - Mobile","Sky North - AR","سكاى نورث","Exact","Enabled"
"386-792-3119","DEV - Sky AD Developments - Search - Mobile","Capital avenue - AR","كابيتال افينيو","Exact","Enabled"
"386-792-3119","DEV - Inertia Egypt - Search - Mobile","Quayside - AR","كيسايد","Exact","Enabled"
"386-792-3119","DEV - Inertia Egypt - Search - Mobile","The Peak Joulz - EN","The Peak Joulz","Exact","Enabled"
"386-792-3119","DEV - Orascom Development Egypt - Search - Mobile","Parkside - Owest - EN","Parkside - Owest","Exact","Enabled"
"386-792-3119","DEV - Inertia Egypt - Search - Mobile","Quayside - EN","Quayside","Exact","Enabled"
"386-792-3119","DEV - Orascom Development Egypt - Search - Mobile","Midyard - EN","Midyard","Exact","Enabled"
"386-792-3119","DEV - Sky AD Developments - Search - Mobile","Sky North - EN","Sky North","Exact","Enabled"
"386-792-3119","DEV - Inertia Egypt - Search - Mobile","Ayla Jefaira - EN","Ayla Jefaira","Exact","Enabled"
"386-792-3119","DEV - Sky AD Developments - Search - Mobile","Blue Walk - AR","بلو ووك","Exact","Enabled"
"386-792-3119","DEV - Orascom Development Egypt - Search - Mobile","Core - AR","كور","Exact","Enabled"
"386-792-3119","DEV - Orascom Development Egypt - Search - Mobile","O Views - EN","O Views","Exact","Enabled"
"386-792-3119","DEV - Sky AD Developments - Search - Mobile","Bluetree - AR","بلوتري","Exact","Enabled"
"386-792-3119","DEV - Orascom Development Egypt - Search - Mobile","Core - EN","Core","Exact","Enabled"
"386-792-3119","DEV - Inertia Egypt - Search - Mobile","Vaya - Jefaira - AR","فايا - جيفيرا","Exact","Enabled"
"386-792-3119","DEV - Orascom Development Egypt - Search - Mobile","Midyard - AR","ميديارد","Exact","Enabled"
"386-792-3119","DEV - Inertia Egypt - Search - Mobile","The Peak Joulz - AR","جولز ذا بيك","Exact","Enabled"
"386-792-3119","DEV - SODIC - Search - Mobile","East Vale - AR","ايست فالى","Exact","Enabled"
"386-792-3119","DEV - SODIC - Search - Mobile","Karmell New Zayed - EN","Karmell New Zayed","Exact","Enabled"
"386-792-3119","DEV - SODIC - Search - Mobile","The Estates Residence - EN","The Estates Residence","Exact","Enabled"
"386-792-3119","DEV - SODIC - Search - Mobile","Karmell New Zayed - AR","كارميل زايد الجديدة","Exact","Enabled"
"386-792-3119","DEV - SODIC - Search - Mobile","Ogami Ras El Hekma - AR","أوجامي رأس الحكمة","Exact","Enabled"
"386-792-3119","DEV - SODIC - Search - Mobile","East Vale - EN","East Vale","Exact","Enabled"
"386-792-3119","DEV - SODIC - Search - Mobile","The Estates Residence - AR","استيتس ريزيدينس","Exact","Enabled"
"386-792-3119","DEV - SODIC - Search - Mobile","Ogami Ras El Hekma - EN","Ogami Ras El Hekma","Exact","Enabled"
"386-792-3119","DEV - City Edge Developments - Search - Mobile","Mazarine Chalet Extension - AR","مزارين شاليه اكستنشن","Exact","Enabled"
"386-792-3119","DEV - Taj Misr Developments - Search - Mobile","De Joya 4 - AR","دي جويا 4","Exact","Enabled"
"386-792-3119","DEV - City Edge Developments - Search - Mobile","Mazarine - AR","مزارين","Exact","Enabled"
"386-792-3119","DEV - City Edge Developments - Search - Mobile","Il Latini City Edge - AR","الحي اللاتيني سيتي ايدج","Exact","Enabled"
"386-792-3119","DEV - City Edge Developments - Search - Mobile","Mazarine - EN","Mazarine","Exact","Enabled"
"386-792-3119","DEV - EGYGAB - Search - Mobile","Masaya - AR","مسايا","Exact","Enabled"
"386-792-3119","DEV - EGYGAB - Search - Mobile","The Islands - EN","The Islands","Exact","Enabled"
"386-792-3119","DEV - EGYGAB - Search - Mobile","The Median Residences - AR","ذا ميديان ريزيدنسز","Exact","Enabled"
"386-792-3119","DEV - EGYGAB - Search - Mobile","The Islands - AR","ذا أيلاندز","Exact","Enabled"
"386-792-3119","DEV - EGYGAB - Search - Mobile","Masaya - EN","Masaya","Exact","Enabled"
"386-792-3119","DEV - EGYGAB - Search - Mobile","The Median Residences - EN","The Median Residences","Exact","Enabled"
"386-792-3119","DEV - Gates Development - Search - Mobile","Lugar - EN","Lugar","Exact","Enabled"
"386-792-3119","DEV - Better Home - Search - Mobile","Midtown Sky - EN","Midtown Sky","Exact","Enabled"
"386-792-3119","DEV - Better Home - Search - Mobile","Midtown Sky - AR","ميد تاون سكاي","Exact","Enabled"
"386-792-3119","DEV - Saudi Egyptian Developers (SED) - Search - Mobile","Bleu Vert - AR","بلو فيرت","Exact","Enabled"
"386-792-3119","DEV - Better Home - Search - Mobile","Cairo Business Plaza - EN","Cairo Business Plaza","Exact","Enabled"
"386-792-3119","DEV - Saudi Egyptian Developers (SED) - Search - Mobile","Marina 8 By The Lake - EN","Marina 8 By The Lake","Exact","Enabled"
"386-792-3119","DEV - Better Home - Search - Mobile","Midtown Sky Mall - AR","ميد تاون سكاي مول","Exact","Enabled"
"386-792-3119","DEV - Gates Development - Search - Mobile","Lyv Caesar - Ras El Hekma - AR","ليف سيزار - راس الحكمة","Exact","Enabled"
"386-792-3119","DEV - Orascom Development Egypt - Search - Mobile","O Views - AR","او فيوز","Exact","Enabled"
"386-792-3119","DEV - Orascom Development Egypt - Search - Mobile","Parkside - Owest - AR","بارك سايد - أو ويست","Exact","Enabled"
"386-792-3119","DEV - Sky AD Developments - Search - Mobile","Blue Walk - EN","Blue Walk","Exact","Enabled"
"386-792-3119","DEV - Inertia Egypt - Search - Mobile","Vaya - Jefaira - EN","Vaya - Jefaira","Exact","Enabled"
"386-792-3119","DEV - Sky AD Developments - Search - Mobile","Capital avenue - EN","Capital avenue","Exact","Enabled"
"386-792-3119","DEV - Inertia Egypt - Search - Mobile","Ayla Jefaira - AR","ايلا جيفيرا","Exact","Enabled"
"386-792-3119","DEV - New Plan - Search - Mobile","Talah - EN","Talah compound","Phrase","Removed"
"386-792-3119","DEV - Palm Hills Developments - Search - Mobile","VILLAGE DE LA CAPITALE - EN","VILLAGE DE LA CAPITALE compound","Phrase","Removed"
"386-792-3119","DEV - Modon Egypt - Search - Mobile","Lagoons New Capital - EN","Lagoons New Capital compound","Exact","Removed"
"386-792-3119","DEV - Modon Egypt - Search - Mobile","Modon Green River Tower - AR","مدن النهر الاخضر تاور اسعار","Exact","Removed"
"386-792-3119","DEV - Palm Hills Developments - Search - Mobile","PX-Phase One - EN","PX-Phase One compound","Exact","Removed"
"386-792-3119","DEV - Modon Egypt - Search - Mobile","Lagoons New Capital - EN","Lagoons New Capital compound","Phrase","Removed"
"386-792-3119","DEV - Modon Egypt - Search - Mobile","Modon Green River Tower - AR","كمبوند مدن النهر الاخضر تاور","Phrase","Removed"
"386-792-3119","DEV - Modon Egypt - Search - Mobile","Modon Green River Tower - AR","كمبوند مدن النهر الاخضر تاور","Exact","Removed"
"386-792-3119","DEV - Palm Hills Developments - Search - Mobile","PX-Phase One - EN","PX-Phase One compound","Phrase","Removed"
"386-792-3119","DEV - New Plan - Search - Mobile","Talah - EN","Talah compound","Exact","Removed"
"386-792-3119","DEV - Palm Hills Developments - Search - Mobile","PX-Phase One - EN","PX-Phase One prices","Phrase","Removed"
"386-792-3119","DEV - Palm Hills Developments - Search - Mobile","PX-Phase One - EN","PX-Phase One prices","Exact","Removed"
"386-792-3119","DEV - Modon Egypt - Search - Mobile","Lagoons New Capital - EN","Lagoons New Capital prices","Phrase","Removed"
"386-792-3119","DEV - Modon Egypt - Search - Mobile","Lagoons New Capital - EN","Lagoons New Capital prices","Exact","Removed"
"386-792-3119","DEV - New Plan - Search - Mobile","Talah - EN","Talah prices","Phrase","Removed"
"386-792-3119","DEV - Modon Egypt - Search - Mobile","Modon Green River Tower - AR","مدن النهر الاخضر تاور اسعار","Phrase","Removed"
"386-792-3119","DEV - Palm Hills Developments - Search - Mobile","VILLAGE DE LA CAPITALE - EN","VILLAGE DE LA CAPITALE compound","Exact","Removed"
"386-792-3119","DEV - New Plan - Search - Mobile","Talah - EN","Talah prices","Exact","Removed"
"386-792-3119","DEV - New Plan - Search - Mobile","Tonino Lamborghini Residences - EN","Tonino Lamborghini Residences compound","Phrase","Removed"
"386-792-3119","DEV - New Plan - Search - Mobile","Atika - AR","أتيكا اسعار","Exact","Removed"
"386-792-3119","DEV - Palm Hills Developments - Search - Mobile","Jirian-Phase One - AR","جريان المرحلة الاولى اسعار","Phrase","Removed"
"386-792-3119","DEV - Palm Hills Developments - Search - Mobile","Jirian-Phase One - AR","جريان المرحلة الاولى اسعار","Exact","Removed"
"386-792-3119","DEV - Palm Hills Developments - Search - Mobile","Hacienda Waters - EN","Hacienda Waters prices","Phrase","Removed"
"386-792-3119","DEV - New Plan - Search - Mobile","Atika - EN","Atika compound","Exact","Removed"
"386-792-3119","DEV - Palm Hills Developments - Search - Mobile","Hacienda Waters - EN","Hacienda Waters prices","Exact","Removed"
"386-792-3119","DEV - New Plan - Search - Mobile","Atika - EN","Atika prices","Exact","Removed"
"386-792-3119","DEV - New Plan - Search - Mobile","Atika - EN","Atika compound","Phrase","Removed"
"386-792-3119","DEV - Modon Egypt - Search - Mobile","Boutique Village 2 - EN","Boutique Village 2 compound","Exact","Removed"
"386-792-3119","DEV - Palm Hills Developments - Search - Mobile","Hacienda Waters - EN","Hacienda Waters compound","Exact","Removed"
"386-792-3119","DEV - Modon Egypt - Search - Mobile","Boutique Village 2 - EN","Boutique Village 2 prices","Phrase","Removed"
"386-792-3119","DEV - New Plan - Search - Mobile","Tonino Lamborghini Residences - EN","Tonino Lamborghini Residences compound","Exact","Removed"
"386-792-3119","DEV - Palm Hills Developments - Search - Mobile","Jirian-Phase One - AR","كمبوند جريان المرحلة الاولى","Exact","Removed"
"386-792-3119","DEV - New Plan - Search - Mobile","Atika - EN","Atika prices","Phrase","Removed"
"386-792-3119","DEV - Palm Hills Developments - Search - Mobile","Jirian-Phase One - AR","كمبوند جريان المرحلة الاولى","Phrase","Removed"
"386-792-3119","DEV - Modon Egypt - Search - Mobile","Boutique Village 2 - EN","Boutique Village 2 compound","Phrase","Removed"
"386-792-3119","DEV - New Plan - Search - Mobile","Atika - AR","أتيكا اسعار","Phrase","Removed"
"386-792-3119","DEV - Modon Egypt - Search - Mobile","Boutique Village 2 - EN","Boutique Village 2 prices","Exact","Removed"
"386-792-3119","DEV - New Plan - Search - Mobile","Atika - AR","كمبوند أتيكا","Exact","Removed"
"386-792-3119","DEV - New Plan - Search - Mobile","Atika - AR","كمبوند أتيكا","Phrase","Removed"
"386-792-3119","DEV - Palm Hills Developments - Search - Mobile","Hacienda Waters - EN","Hacienda Waters compound","Phrase","Removed"
"386-792-3119","DEV - New Plan - Search - Mobile","Talah - AR","كمبوند طله","Exact","Removed"
"386-792-3119","DEV - New Plan - Search - Mobile","Tonino Lamborghini Residences - AR","كمبوند تونينو لامبورجيني ريزيدنس","Phrase","Removed"
"386-792-3119","DEV - Modon Egypt - Search - Mobile","Boutique Village 2 - AR","بوتيك فيلدج 2 اسعار","Phrase","Removed"
"386-792-3119","DEV - New Plan - Search - Mobile","Talah - AR","طله اسعار","Exact","Removed"
"386-792-3119","DEV - Modon Egypt - Search - Mobile","Boutique Village 2 - AR","كمبوند بوتيك فيلدج 2","Phrase","Removed"
"386-792-3119","DEV - Modon Egypt - Search - Mobile","Boutique Village 2 - AR","بوتيك فيلدج 2 اسعار","Exact","Removed"
"386-792-3119","DEV - New Plan - Search - Mobile","Talah - AR","طله اسعار","Phrase","Removed"
"386-792-3119","DEV - New Plan - Search - Mobile","Talah - AR","كمبوند طله","Phrase","Removed"
"386-792-3119","DEV - Modon Egypt - Search - Mobile","Boutique Village 2 - AR","كمبوند بوتيك فيلدج 2","Exact","Removed"
"386-792-3119","DEV - New Plan - Search - Mobile","Tonino Lamborghini Residences - AR","كمبوند تونينو لامبورجيني ريزيدنس","Exact","Removed"
"386-792-3119","DEV - New Plan - Search - Mobile","Amara - AR","كمبوند امارا","Exact","Removed"
"386-792-3119","DEV - City Edge Developments - Search - Mobile","New Garden City - AR","نيو جاردن سيتى اسعار","Exact","Removed"
"386-792-3119","DEV - City Edge Developments - Search - Mobile","New Garden City - AR","كمبوند نيو جاردن سيتى","Phrase","Removed"
"386-792-3119","DEV - City Edge Developments - Search - Mobile","Il Latini City Edge - EN","Il Latini City Edge prices","Exact","Removed"
"386-792-3119","DEV - City Edge Developments - Search - Mobile","New Garden City - AR","نيو جاردن سيتى اسعار","Phrase","Removed"
"386-792-3119","DEV - City Edge Developments - Search - Mobile","Il Latini City Edge - EN","Il Latini City Edge prices","Phrase","Removed"
"386-792-3119","DEV - City Edge Developments - Search - Mobile","Il Latini City Edge - EN","Il Latini City Edge compound","Phrase","Removed"
"386-792-3119","DEV - City Edge Developments - Search - Mobile","New Garden City - AR","كمبوند نيو جاردن سيتى","Exact","Removed"
"386-792-3119","DEV - City Edge Developments - Search - Mobile","Il Latini City Edge - EN","Il Latini City Edge compound","Exact","Removed"
"386-792-3119","DEV - City Edge Developments - Search - Mobile","New Garden City - EN","New Garden City compound","Phrase","Removed"
"386-792-3119","DEV - City Edge Developments - Search - Mobile","New Garden City - EN","New Garden City prices","Phrase","Removed"
"386-792-3119","DEV - City Edge Developments - Search - Mobile","New Garden City - EN","New Garden City compound","Exact","Removed"
"386-792-3119","DEV - City Edge Developments - Search - Mobile","New Garden City - EN","New Garden City prices","Exact","Removed"
"386-792-3119","DEV - Taj Misr Developments - Search - Mobile","Dejoya Residence - EN","Dejoya Residence prices","Phrase","Removed"
"386-792-3119","DEV - Taj Misr Developments - Search - Mobile","Dejoya Residence - EN","Dejoya Residence compound","Exact","Removed"
"386-792-3119","DEV - Taj Misr Developments - Search - Mobile","Dejoya Residence - EN","Dejoya Residence compound","Phrase","Removed"
"386-792-3119","DEV - Taj Misr Developments - Search - Mobile","Taj Tower 2 - AR","كمبوند تاج تاور 2","Phrase","Removed"
"386-792-3119","DEV - Taj Misr Developments - Search - Mobile","Taj Tower 2 - AR","كمبوند تاج تاور 2","Exact","Removed"
"386-792-3119","DEV - Taj Misr Developments - Search - Mobile","Dejoya Residence - EN","Dejoya Residence prices","Exact","Removed"
"386-792-3119","DEV - Taj Misr Developments - Search - Mobile","Taj Tower - AR","تاج تاور اسعار","Exact","Removed"
"386-792-3119","DEV - Taj Misr Developments - Search - Mobile","Taj Tower - AR","كمبوند تاج تاور","Exact","Removed"
"386-792-3119","DEV - Taj Misr Developments - Search - Mobile","Taj Tower - AR","تاج تاور اسعار","Phrase","Removed"
"386-792-3119","DEV - Taj Misr Developments - Search - Mobile","Taj Tower - AR","كمبوند تاج تاور","Phrase","Removed"
"386-792-3119","DEV - Taj Misr Developments - Search - Mobile","Taj Tower - EN","Taj Tower prices","Phrase","Removed"
"386-792-3119","DEV - Taj Misr Developments - Search - Mobile","Taj Tower - EN","Taj Tower compound","Phrase","Removed"
"386-792-3119","DEV - Taj Misr Developments - Search - Mobile","Dejoya Residence - AR","كمبوند ديجويا ريزيدنس","Exact","Removed"
"386-792-3119","DEV - Taj Misr Developments - Search - Mobile","Taj Tower - EN","Taj Tower 2 compound","Phrase","Removed"
"386-792-3119","DEV - Taj Misr Developments - Search - Mobile","Taj Tower - EN","Taj Tower compound","Exact","Removed"
"386-792-3119","DEV - Taj Misr Developments - Search - Mobile","Taj Tower - EN","Taj Tower prices","Exact","Removed"
"386-792-3119","DEV - Taj Misr Developments - Search - Mobile","Taj Tower - EN","Taj Tower 2 compound","Exact","Removed"
"386-792-3119","DEV - Taj Misr Developments - Search - Mobile","Dejoya Residence - AR","كمبوند ديجويا ريزيدنس","Phrase","Removed"
"386-792-3119","DEV - Taj Misr Developments - Search - Mobile","Dejoya Residence - AR","ديجويا ريزيدنس اسعار","Phrase","Removed"
"386-792-3119","DEV - Taj Misr Developments - Search - Mobile","Dejoya Residence - AR","ديجويا ريزيدنس اسعار","Exact","Removed"
"386-792-3119","DEV - Taj Misr Developments - Search - Mobile","De Joya 4 - EN","De Joya 4 compound","Exact","Removed"
"386-792-3119","DEV - New Plan - Search - Mobile","Amara - AR","امارا اسعار","Exact","Removed"
"386-792-3119","DEV - Palm Hills Developments - Search - Mobile","PX-Phase One - AR","بي إكس المرحلة الأولى اسعار","Exact","Removed"
"386-792-3119","DEV - New Plan - Search - Mobile","Amara - EN","Amara prices","Phrase","Removed"
"386-792-3119","DEV - Palm Hills Developments - Search - Mobile","PX-Phase One - AR","كمبوند بي إكس المرحلة الأولى","Phrase","Removed"
"386-792-3119","DEV - Palm Hills Developments - Search - Mobile","Jirian-Phase One - EN","Jirian-Phase One compound","Exact","Removed"
"386-792-3119","DEV - New Plan - Search - Mobile","Amara - EN","Amara prices","Exact","Removed"
"386-792-3119","DEV - Palm Hills Developments - Search - Mobile","Hacienda Waters - AR","كمبوند هاسيندا ووترز","Exact","Removed"
"386-792-3119","DEV - New Plan - Search - Mobile","Amara - AR","امارا اسعار","Phrase","Removed"
"386-792-3119","DEV - New Plan - Search - Mobile","Amara - EN","Amara compound","Exact","Removed"
"386-792-3119","DEV - Palm Hills Developments - Search - Mobile","Hacienda Waters - AR","هاسيندا ووترز اسعار","Exact","Removed"
"386-792-3119","DEV - Palm Hills Developments - Search - Mobile","Jirian-Phase One - EN","Jirian-Phase One compound","Phrase","Removed"
"386-792-3119","DEV - Palm Hills Developments - Search - Mobile","PX-Phase One - AR","كمبوند بي إكس المرحلة الأولى","Exact","Removed"
"386-792-3119","DEV - Palm Hills Developments - Search - Mobile","Jirian-Phase One - EN","Jirian-Phase One prices","Phrase","Removed"
"386-792-3119","DEV - New Plan - Search - Mobile","Amara - EN","Amara compound","Phrase","Removed"
"386-792-3119","DEV - Palm Hills Developments - Search - Mobile","Hacienda Waters - AR","هاسيندا ووترز اسعار","Phrase","Removed"
"386-792-3119","DEV - Palm Hills Developments - Search - Mobile","PX-Phase One - AR","بي إكس المرحلة الأولى اسعار","Phrase","Removed"
"386-792-3119","DEV - Palm Hills Developments - Search - Mobile","Hacienda Waters - AR","كمبوند هاسيندا ووترز","Phrase","Removed"
"386-792-3119","DEV - New Plan - Search - Mobile","Amara - AR","كمبوند امارا","Phrase","Removed"
"386-792-3119","DEV - Palm Hills Developments - Search - Mobile","Jirian-Phase One - EN","Jirian-Phase One prices","Exact","Removed"
"386-792-3119","DEV - Modon Egypt - Search - Mobile","The V Residence - Villagio - EN","The V Residence - Villagio compound","Phrase","Removed"
"386-792-3119","DEV - Modon Egypt - Search - Mobile","The V Residence - Villagio - EN","The V Residence - Villagio compound","Exact","Removed"
"386-792-3119","DEV - Modon Egypt - Search - Mobile","Lagoons New Capital - AR","كمبوند لاجونز العاصمة","Exact","Removed"
"386-792-3119","DEV - Modon Egypt - Search - Mobile","The V Residence - Villagio - AR","كمبوند ذا فى ريزيدنس - فيلاجيو","Exact","Removed"
"386-792-3119","DEV - Modon Egypt - Search - Mobile","Lagoons New Capital - AR","لاجونز العاصمة اسعار","Phrase","Removed"
"386-792-3119","DEV - Modon Egypt - Search - Mobile","Lagoons New Capital - AR","كمبوند لاجونز العاصمة","Phrase","Removed"
"386-792-3119","DEV - Modon Egypt - Search - Mobile","Lagoons New Capital - AR","لاجونز العاصمة اسعار","Exact","Removed"
"386-792-3119","DEV - Modon Egypt - Search - Mobile","The V Residence - Villagio - AR","كمبوند ذا فى ريزيدنس - فيلاجيو","Phrase","Removed"
"386-792-3119","DEV - Modon Egypt - Search - Mobile","Modon Green River Tower - EN","Modon Green River Tower prices","Phrase","Removed"
"386-792-3119","DEV - Modon Egypt - Search - Mobile","Modon Green River Tower - EN","Modon Green River Tower compound","Phrase","Removed"
"386-792-3119","DEV - Palm Hills Developments - Search - Mobile","VILLAGE DE LA CAPITALE - AR","كمبوند فيلاج دو لا كابيتال","Exact","Removed"
"386-792-3119","DEV - Palm Hills Developments - Search - Mobile","VILLAGE DE LA CAPITALE - AR","كمبوند فيلاج دو لا كابيتال","Phrase","Removed"
"386-792-3119","DEV - Modon Egypt - Search - Mobile","Modon Green River Tower - EN","Modon Green River Tower prices","Exact","Removed"
"386-792-3119","DEV - Modon Egypt - Search - Mobile","Modon Green River Tower - EN","Modon Green River Tower compound","Exact","Removed"
"386-792-3119","DEV - Hyde Park - Search - Mobile","Hyde Park Central - EN","Hyde Park Central compound","Phrase","Removed"
"386-792-3119","DEV - Hyde Park - Search - Mobile","Hyde Park Central - EN","Hyde Park Central compound","Exact","Removed"
"386-792-3119","DEV - Hyde Park - Search - Mobile","Lagoon Town - AR","كمبوند لاجون تاون","Phrase","Removed"
"386-792-3119","DEV - Hyde Park - Search - Mobile","Lagoon Town - AR","لاجون تاون اسعار","Phrase","Removed"
"386-792-3119","DEV - Hyde Park - Search - Mobile","Lagoon Town - AR","كمبوند لاجون تاون","Exact","Removed"
"386-792-3119","DEV - Hyde Park - Search - Mobile","Lagoon Town - AR","لاجون تاون اسعار","Exact","Removed"
"386-792-3119","DEV - Hyde Park - Search - Mobile","Hyde Park Signature - AR","هايد بارك سيجنتشر اسعار","Exact","Removed"
"386-792-3119","DEV - Hyde Park - Search - Mobile","Hyde Park Signature - AR","كمبوند هايد بارك سيجنتشر","Exact","Removed"
"386-792-3119","DEV - Hyde Park - Search - Mobile","Hyde Park Signature - EN","Hyde Park Signature compound","Exact","Removed"
"386-792-3119","DEV - Hyde Park - Search - Mobile","Parkway Residence - Hyde Park - EN","Parkway Residence - Hyde Park compound","Phrase","Removed"
"386-792-3119","DEV - Hyde Park - Search - Mobile","Hyde Park Signature - AR","هايد بارك سيجنتشر اسعار","Phrase","Removed"
"386-792-3119","DEV - Hyde Park - Search - Mobile","Parkway Residence - Hyde Park - EN","Parkway Residence - Hyde Park compound","Exact","Removed"
"386-792-3119","DEV - Hyde Park - Search - Mobile","Hyde Park Signature - EN","Hyde Park Signature compound","Phrase","Removed"
"386-792-3119","DEV - Hyde Park - Search - Mobile","Hyde Park Signature - EN","Hyde Park Signature prices","Exact","Removed"
"386-792-3119","DEV - Hyde Park - Search - Mobile","Hyde Park Signature - EN","Hyde Park Signature prices","Phrase","Removed"
"386-792-3119","DEV - Hyde Park - Search - Mobile","Parkway Residence - Hyde Park - EN","Parkway Residence - Hyde Park prices","Exact","Removed"
"386-792-3119","DEV - Hyde Park - Search - Mobile","Hyde Park Signature - AR","كمبوند هايد بارك سيجنتشر","Phrase","Removed"
"386-792-3119","DEV - Hyde Park - Search - Mobile","Parkway Residence - Hyde Park - EN","Parkway Residence - Hyde Park prices","Phrase","Removed"
"386-792-3119","DEV - Hyde Park - Search - Mobile","Parkway Residence - Hyde Park - AR","بارك واي ريزيدنس - هايد بارك اسعار","Exact","Removed"
"386-792-3119","DEV - Hyde Park - Search - Mobile","Parkway Residence - Hyde Park - AR","كمبوند بارك واي ريزيدنس - هايد بارك","Phrase","Removed"
"386-792-3119","DEV - Hyde Park - Search - Mobile","Parkway Residence - Hyde Park - AR","بارك واي ريزيدنس - هايد بارك اسعار","Phrase","Removed"
"386-792-3119","DEV - Hyde Park - Search - Mobile","Parkway Residence - Hyde Park - AR","كمبوند بارك واي ريزيدنس - هايد بارك","Exact","Removed"
"386-792-3119","DEV - Hyde Park - Search - Mobile","Lagoon Town - EN","Lagoon Town compound","Phrase","Removed"
"386-792-3119","DEV - Hyde Park - Search - Mobile","Hyde Park Central - AR","كمبوند هايد بارك سنترال","Exact","Removed"
"386-792-3119","DEV - Hyde Park - Search - Mobile","Lagoon Town - EN","Lagoon Town compound","Exact","Removed"
"386-792-3119","DEV - Hyde Park - Search - Mobile","Lagoon Town - EN","Lagoon Town prices","Phrase","Removed"
"386-792-3119","DEV - Hyde Park - Search - Mobile","Hyde Park Central - AR","كمبوند هايد بارك سنترال","Phrase","Removed"
"386-792-3119","DEV - Hyde Park - Search - Mobile","Lagoon Town - EN","Lagoon Town prices","Exact","Removed"
"386-792-3119","DEV - Saudi Egyptian Developers (SED) - Search - Mobile","Il Latini SED - EN","Il Latini SED compound","Exact","Removed"
"386-792-3119","DEV - Better Home - Search - Mobile","Midtown condo - EN","Midtown condo compound","Phrase","Removed"
"386-792-3119","DEV - Better Home - Search - Mobile","Midtown condo - EN","Midtown condo compound","Exact","Removed"
"386-792-3119","DEV - Gates Development - Search - Mobile","Venia - EN","Venia compound","Phrase","Removed"
"386-792-3119","DEV - Saudi Egyptian Developers (SED) - Search - Mobile","Il Latini SED - EN","Il Latini SED compound","Phrase","Removed"
"386-792-3119","DEV - Saudi Egyptian Developers (SED) - Search - Mobile","Il Latini SED - EN","Il Latini SED prices","Exact","Removed"
"386-792-3119","DEV - Better Home - Search - Mobile","Midtown condo - EN","Midtown condo prices","Exact","Removed"
"386-792-3119","DEV - Saudi Egyptian Developers (SED) - Search - Mobile","Il Latini SED - EN","Il Latini SED prices","Phrase","Removed"
"386-792-3119","DEV - Gates Development - Search - Mobile","Venia - EN","Venia compound","Exact","Removed"
"386-792-3119","DEV - Better Home - Search - Mobile","Midtown condo - EN","Midtown condo prices","Phrase","Removed"
"386-792-3119","DEV - Gates Development - Search - Mobile","Catalan - EN","Catalan compound","Phrase","Removed"
"386-792-3119","DEV - Saudi Egyptian Developers (SED) - Search - Mobile","Il Latini SED - AR","SED الحي اللاتيني اسعار","Exact","Removed"
"386-792-3119","DEV - Gates Development - Search - Mobile","Lyv Caesar - Ras El Hekma - EN","Lyv Caesar - Ras El Hekma compound","Exact","Removed"
"386-792-3119","DEV - Gates Development - Search - Mobile","Lyv Caesar - Ras El Hekma - EN","Lyv Caesar - Ras El Hekma prices","Exact","Removed"
"386-792-3119","DEV - Gates Development - Search - Mobile","Catalan - EN","Catalan compound","Exact","Removed"
"386-792-3119","DEV - Gates Development - Search - Mobile","Catalan - EN","Catalan prices","Exact","Removed"
"386-792-3119","DEV - Better Home - Search - Mobile","Cairo Business Plaza - AR","كمبوند كايرو بيزنس بلازا","Phrase","Removed"
"386-792-3119","DEV - Saudi Egyptian Developers (SED) - Search - Mobile","Il Latini SED - AR","كمبوند SED الحي اللاتيني","Phrase","Removed"
"386-792-3119","DEV - Gates Development - Search - Mobile","Lyv Caesar - Ras El Hekma - EN","Lyv Caesar - Ras El Hekma prices","Phrase","Removed"
"386-792-3119","DEV - Gates Development - Search - Mobile","Catalan - EN","Catalan prices","Phrase","Removed"
"386-792-3119","DEV - Better Home - Search - Mobile","Cairo Business Plaza - AR","كمبوند كايرو بيزنس بلازا","Exact","Removed"
"386-792-3119","DEV - Saudi Egyptian Developers (SED) - Search - Mobile","Il Latini SED - AR","كمبوند SED الحي اللاتيني","Exact","Removed"
"386-792-3119","DEV - Gates Development - Search - Mobile","Lyv Caesar - Ras El Hekma - EN","Lyv Caesar - Ras El Hekma compound","Phrase","Removed"
"386-792-3119","DEV - Saudi Egyptian Developers (SED) - Search - Mobile","Il Latini SED - AR","SED الحي اللاتيني اسعار","Phrase","Removed"
"386-792-3119","DEV - Gates Development - Search - Mobile","Venia - AR","كمبوند فينيا","Exact","Removed"
"386-792-3119","DEV - Gates Development - Search - Mobile","Venia - AR","كمبوند فينيا","Phrase","Removed"
"386-792-3119","DEV - Saudi Egyptian Developers (SED) - Search - Mobile","Tierra - AR","كمبوند تييرا","Exact","Removed"
"386-792-3119","DEV - Saudi Egyptian Developers (SED) - Search - Mobile","Tierra - AR","تييرا اسعار","Phrase","Removed"
"386-792-3119","DEV - Better Home - Search - Mobile","Midtown condo - AR","ميد تاون كوندو اسعار","Exact","Removed"
"386-792-3119","DEV - Saudi Egyptian Developers (SED) - Search - Mobile","Marina 8 By The Lake - AR","كمبوند مارينا 8 باى ذا ليك","Exact","Removed"
"386-792-3119","DEV - Saudi Egyptian Developers (SED) - Search - Mobile","Tierra - AR","كمبوند تييرا","Phrase","Removed"
"386-792-3119","DEV - Saudi Egyptian Developers (SED) - Search - Mobile","Marina 8 By The Lake - AR","كمبوند مارينا 8 باى ذا ليك","Phrase","Removed"
"386-792-3119","DEV - Saudi Egyptian Developers (SED) - Search - Mobile","Tierra - AR","تييرا اسعار","Exact","Removed"
"386-792-3119","DEV - Better Home - Search - Mobile","Midtown condo - AR","ميد تاون كوندو اسعار","Phrase","Removed"
"386-792-3119","DEV - Better Home - Search - Mobile","Midtown condo - AR","كمبوند ميد تاون كوندو","Exact","Removed"
"386-792-3119","DEV - Better Home - Search - Mobile","Midtown condo - AR","كمبوند ميد تاون كوندو","Phrase","Removed"
"386-792-3119","DEV - Gates Development - Search - Mobile","Lugar - AR","لوجار اسعار","Phrase","Removed"
"386-792-3119","DEV - Gates Development - Search - Mobile","Catalan - AR","كاتالان اسعار","Exact","Removed"
"386-792-3119","DEV - Gates Development - Search - Mobile","Catalan - AR","كمبوند كاتالان","Phrase","Removed"
"386-792-3119","DEV - Gates Development - Search - Mobile","Catalan - AR","كمبوند كاتالان","Exact","Removed"
"386-792-3119","DEV - Gates Development - Search - Mobile","Lugar - AR","لوجار اسعار","Exact","Removed"
"386-792-3119","DEV - Gates Development - Search - Mobile","Lugar - AR","كمبوند لوجار","Phrase","Removed"
"386-792-3119","DEV - Gates Development - Search - Mobile","Lugar - AR","كمبوند لوجار","Exact","Removed"
"386-792-3119","DEV - Gates Development - Search - Mobile","Catalan - AR","كاتالان اسعار","Phrase","Removed"
"386-792-3119","DEV - Saudi Egyptian Developers (SED) - Search - Mobile","Tierra - EN","Tierra compound","Exact","Removed"
"386-792-3119","DEV - Saudi Egyptian Developers (SED) - Search - Mobile","Tierra - EN","Tierra prices","Phrase","Removed"
"386-792-3119","DEV - Saudi Egyptian Developers (SED) - Search - Mobile","Tierra - EN","Tierra prices","Exact","Removed"
"386-792-3119","DEV - Saudi Egyptian Developers (SED) - Search - Mobile","Bleu Vert - EN","Bleu Vert prices","Exact","Removed"
"386-792-3119","DEV - Saudi Egyptian Developers (SED) - Search - Mobile","Bleu Vert - EN","Bleu Vert compound","Exact","Removed"
"386-792-3119","DEV - Saudi Egyptian Developers (SED) - Search - Mobile","Bleu Vert - EN","Bleu Vert prices","Phrase","Removed"
"386-792-3119","DEV - Madinet Masr - Search - Mobile","Talala - AR","طلاله اسعار","Phrase","Removed"
"386-792-3119","DEV - Madinet Masr - Search - Mobile","Talala - AR","كمبوند طلاله","Exact","Removed"
"386-792-3119","DEV - Madinet Masr - Search - Mobile","Talala - AR","طلاله اسعار","Exact","Removed"
"386-792-3119","DEV - Madinet Masr - Search - Mobile","Talala - AR","كمبوند طلاله","Phrase","Removed"
"386-792-3119","DEV - Madinet Masr - Search - Mobile","ELM Tree - Sarai - EN","ELM Tree - Sarai compound","Exact","Removed"
"386-792-3119","DEV - Madinet Masr - Search - Mobile","ELM Tree - Sarai - EN","ELM Tree - Sarai prices","Exact","Removed"
"386-792-3119","DEV - Madinet Masr - Search - Mobile","ELM Tree - Sarai - EN","ELM Tree - Sarai compound","Phrase","Removed"
"386-792-3119","DEV - Madinet Masr - Search - Mobile","ELM Tree - Sarai - EN","ELM Tree - Sarai prices","Phrase","Removed"
"386-792-3119","DEV - Madinet Masr - Search - Mobile","ELM Tree - Sarai - AR","كمبوند ايلم ترى - سراى","Phrase","Removed"
"386-792-3119","DEV - Madinet Masr - Search - Mobile","ELM Tree - Sarai - AR","ايلم ترى - سراى اسعار","Phrase","Removed"
"386-792-3119","DEV - Madinet Masr - Search - Mobile","ELM Tree - Sarai - AR","ايلم ترى - سراى اسعار","Exact","Removed"
"386-792-3119","DEV - Madinet Masr - Search - Mobile","ELM Tree - Sarai - AR","كمبوند ايلم ترى - سراى","Exact","Removed"
"386-792-3119","DEV - Madinet Masr - Search - Mobile","Talala - EN","Talala prices","Phrase","Removed"
"386-792-3119","DEV - Madinet Masr - Search - Mobile","Talala - EN","Talala prices","Exact","Removed"
"386-792-3119","DEV - Madinet Masr - Search - Mobile","Talala - EN","Talala compound","Phrase","Removed"
"386-792-3119","DEV - Madinet Masr - Search - Mobile","Talala - EN","Talala compound","Exact","Removed"
"386-792-3119","DEV - Madinet Masr - Search - Mobile","The Butterfly - EN","The Butterfly compound","Exact","Removed"
"386-792-3119","DEV - Madinet Masr - Search - Mobile","The Butterfly - EN","The Butterfly prices","Exact","Removed"
"386-792-3119","DEV - Madinet Masr - Search - Mobile","The Butterfly - AR","كمبوند ذا بترفلاى","Exact","Removed"
"386-792-3119","DEV - Madinet Masr - Search - Mobile","The Butterfly - AR","ذا بترفلاى اسعار","Phrase","Removed"
"386-792-3119","DEV - Madinet Masr - Search - Mobile","The Butterfly - AR","كمبوند ذا بترفلاى","Phrase","Removed"
"386-792-3119","DEV - Madinet Masr - Search - Mobile","The Butterfly - AR","ذا بترفلاى اسعار","Exact","Removed"
"386-792-3119","DEV - Madinet Masr - Search - Mobile","The Butterfly - EN","The Butterfly compound","Phrase","Removed"
"386-792-3119","DEV - Madinet Masr - Search - Mobile","The Butterfly - EN","The Butterfly prices","Phrase","Removed"
"386-792-3119","DEV - Madinet Masr - Search - Mobile","Club Views - Sarai - AR","كمبوند كلوب فيوز - سراى","Exact","Removed"
"386-792-3119","DEV - Madinet Masr - Search - Mobile","Club Views - Sarai - EN","Club Views - Sarai compound","Phrase","Removed"
"386-792-3119","DEV - Madinet Masr - Search - Mobile","Club Views - Sarai - AR","كمبوند كلوب فيوز - سراى","Phrase","Removed"
"386-792-3119","DEV - Madinet Masr - Search - Mobile","Club Views - Sarai - EN","Club Views - Sarai compound","Exact","Removed"
"386-792-3119","DEV - Sky AD Developments - Search - Mobile","Bluetree - EN","Bluetree prices","Exact","Removed"
"386-792-3119","DEV - Sky AD Developments - Search - Mobile","Sky North - AR","كمبوند سكاى نورث","Phrase","Removed"
"386-792-3119","DEV - Sky AD Developments - Search - Mobile","Capital avenue - AR","كابيتال افينيو اسعار","Phrase","Removed"
"386-792-3119","DEV - Sky AD Developments - Search - Mobile","Bluetree - EN","Bluetree compound","Exact","Removed"
"386-792-3119","DEV - Sky AD Developments - Search - Mobile","Bluetree - EN","Bluetree compound","Phrase","Removed"
"386-792-3119","DEV - Sky AD Developments - Search - Mobile","Capital avenue - AR","كابيتال افينيو اسعار","Exact","Removed"
"386-792-3119","DEV - Sky AD Developments - Search - Mobile","Capital avenue - AR","كمبوند كابيتال افينيو","Phrase","Removed"
"386-792-3119","DEV - Sky AD Developments - Search - Mobile","Bluetree - EN","Bluetree prices","Phrase","Removed"
"386-792-3119","DEV - Sky AD Developments - Search - Mobile","Capital avenue - AR","كمبوند كابيتال افينيو","Exact","Removed"
"386-792-3119","DEV - Sky AD Developments - Search - Mobile","Sky North - AR","كمبوند سكاى نورث","Exact","Removed"
"386-792-3119","DEV - Inertia Egypt - Search - Mobile","Quayside - AR","كمبوند كيسايد","Exact","Removed"
"386-792-3119","DEV - Inertia Egypt - Search - Mobile","Quayside - AR","كيسايد اسعار","Phrase","Removed"
"386-792-3119","DEV - Inertia Egypt - Search - Mobile","Quayside - AR","كيسايد اسعار","Exact","Removed"
"386-792-3119","DEV - Inertia Egypt - Search - Mobile","Quayside - AR","كمبوند كيسايد","Phrase","Removed"
"386-792-3119","DEV - Inertia Egypt - Search - Mobile","The Peak Joulz - EN","The Peak Joulz compound","Phrase","Removed"
"386-792-3119","DEV - Orascom Development Egypt - Search - Mobile","Parkside - Owest - EN","Parkside - Owest compound","Exact","Removed"
"386-792-3119","DEV - Inertia Egypt - Search - Mobile","Quayside - EN","Quayside compound","Exact","Removed"
"386-792-3119","DEV - Orascom Development Egypt - Search - Mobile","Midyard - EN","Midyard compound","Exact","Removed"
"386-792-3119","DEV - Inertia Egypt - Search - Mobile","Quayside - EN","Quayside prices","Phrase","Removed"
"386-792-3119","DEV - Sky AD Developments - Search - Mobile","Sky North - EN","Sky North compound","Phrase","Removed"
"386-792-3119","DEV - Sky AD Developments - Search - Mobile","Sky North - EN","Sky North compound","Exact","Removed"
"386-792-3119","DEV - Inertia Egypt - Search - Mobile","Quayside - EN","Quayside prices","Exact","Removed"
"386-792-3119","DEV - Inertia Egypt - Search - Mobile","The Peak Joulz - EN","The Peak Joulz compound","Exact","Removed"
"386-792-3119","DEV - Orascom Development Egypt - Search - Mobile","Midyard - EN","Midyard compound","Phrase","Removed"
"386-792-3119","DEV - Inertia Egypt - Search - Mobile","Quayside - EN","Quayside compound","Phrase","Removed"
"386-792-3119","DEV - Orascom Development Egypt - Search - Mobile","Parkside - Owest - EN","Parkside - Owest prices","Exact","Removed"
"386-792-3119","DEV - Orascom Development Egypt - Search - Mobile","Parkside - Owest - EN","Parkside - Owest prices","Phrase","Removed"
"386-792-3119","DEV - Orascom Development Egypt - Search - Mobile","Parkside - Owest - EN","Parkside - Owest compound","Phrase","Removed"
"386-792-3119","DEV - Inertia Egypt - Search - Mobile","Ayla Jefaira - EN","Ayla Jefaira prices","Exact","Removed"
"386-792-3119","DEV - Inertia Egypt - Search - Mobile","Ayla Jefaira - EN","Ayla Jefaira prices","Phrase","Removed"
"386-792-3119","DEV - Sky AD Developments - Search - Mobile","Blue Walk - AR","كمبوند بلو ووك","Exact","Removed"
"386-792-3119","DEV - Sky AD Developments - Search - Mobile","Blue Walk - AR","بلو ووك اسعار","Exact","Removed"
"386-792-3119","DEV - Orascom Development Egypt - Search - Mobile","Core - AR","كمبوند كور","Phrase","Removed"
"386-792-3119","DEV - Inertia Egypt - Search - Mobile","Ayla Jefaira - EN","Ayla Jefaira compound","Exact","Removed"
"386-792-3119","DEV - Orascom Development Egypt - Search - Mobile","Core - AR","كور اسعار","Phrase","Removed"
"386-792-3119","DEV - Inertia Egypt - Search - Mobile","Ayla Jefaira - EN","Ayla Jefaira compound","Phrase","Removed"
"386-792-3119","DEV - Sky AD Developments - Search - Mobile","Blue Walk - AR","بلو ووك اسعار","Phrase","Removed"
"386-792-3119","DEV - Orascom Development Egypt - Search - Mobile","Core - AR","كور اسعار","Exact","Removed"
"386-792-3119","DEV - Orascom Development Egypt - Search - Mobile","Core - AR","كمبوند كور","Exact","Removed"
"386-792-3119","DEV - Sky AD Developments - Search - Mobile","Blue Walk - AR","كمبوند بلو ووك","Phrase","Removed"
"386-792-3119","DEV - Orascom Development Egypt - Search - Mobile","O Views - EN","O Views prices","Phrase","Removed"
"386-792-3119","DEV - Orascom Development Egypt - Search - Mobile","O Views - EN","O Views prices","Exact","Removed"
"386-792-3119","DEV - Orascom Development Egypt - Search - Mobile","O Views - EN","O Views compound","Exact","Removed"
"386-792-3119","DEV - Orascom Development Egypt - Search - Mobile","O Views - EN","O Views compound","Phrase","Removed"
"386-792-3119","DEV - Sky AD Developments - Search - Mobile","Bluetree - AR","بلوتري اسعار","Exact","Removed"
"386-792-3119","DEV - Orascom Development Egypt - Search - Mobile","Core - EN","Core prices","Exact","Removed"
"386-792-3119","DEV - Inertia Egypt - Search - Mobile","Vaya - Jefaira - AR","كمبوند فايا - جيفيرا","Phrase","Removed"
"386-792-3119","DEV - Orascom Development Egypt - Search - Mobile","Core - EN","Core compound","Exact","Removed"
"386-792-3119","DEV - Orascom Development Egypt - Search - Mobile","Midyard - AR","كمبوند ميديارد","Exact","Removed"
"386-792-3119","DEV - Inertia Egypt - Search - Mobile","The Peak Joulz - AR","كمبوند جولز ذا بيك","Exact","Removed"
"386-792-3119","DEV - Inertia Egypt - Search - Mobile","Vaya - Jefaira - AR","فايا - جيفيرا اسعار","Phrase","Removed"
"386-792-3119","DEV - Sky AD Developments - Search - Mobile","Bluetree - AR","كمبوند بلوتري","Phrase","Removed"
"386-792-3119","DEV - Inertia Egypt - Search - Mobile","The Peak Joulz - AR","كمبوند جولز ذا بيك","Phrase","Removed"
"386-792-3119","DEV - SODIC - Search - Mobile","East Vale - AR","كمبوند ايست فالى","Exact","Removed"
"386-792-3119","DEV - SODIC - Search - Mobile","East Vale - AR","ايست فالى اسعار","Phrase","Removed"
"386-792-3119","DEV - SODIC - Search - Mobile","East Vale - AR","ايست فالى اسعار","Exact","Removed"
"386-792-3119","DEV - SODIC - Search - Mobile","East Vale - AR","كمبوند ايست فالى","Phrase","Removed"
"386-792-3119","DEV - SODIC - Search - Mobile","Karmell New Zayed - EN","Karmell New Zayed prices","Exact","Removed"
"386-792-3119","DEV - SODIC - Search - Mobile","Karmell New Zayed - EN","Karmell New Zayed compound","Phrase","Removed"
"386-792-3119","DEV - SODIC - Search - Mobile","The Estates Residence - EN","The Estates Residence compound","Exact","Removed"
"386-792-3119","DEV - SODIC - Search - Mobile","The Estates Residence - EN","The Estates Residence compound","Phrase","Removed"
"386-792-3119","DEV - SODIC - Search - Mobile","Karmell New Zayed - EN","Karmell New Zayed compound","Exact","Removed"
"386-792-3119","DEV - SODIC - Search - Mobile","Karmell New Zayed - EN","Karmell New Zayed prices","Phrase","Removed"
"386-792-3119","DEV - SODIC - Search - Mobile","Karmell New Zayed - AR","كمبوند كارميل زايد الجديدة","Phrase","Removed"
"386-792-3119","DEV - SODIC - Search - Mobile","Ogami Ras El Hekma - AR","أوجامي رأس الحكمة اسعار","Exact","Removed"
"386-792-3119","DEV - SODIC - Search - Mobile","Karmell New Zayed - AR","كمبوند كارميل زايد الجديدة","Exact","Removed"
"386-792-3119","DEV - SODIC - Search - Mobile","Karmell New Zayed - AR","كارميل زايد الجديدة اسعار","Exact","Removed"
"386-792-3119","DEV - SODIC - Search - Mobile","Ogami Ras El Hekma - AR","أوجامي رأس الحكمة اسعار","Phrase","Removed"
"386-792-3119","DEV - SODIC - Search - Mobile","Ogami Ras El Hekma - AR","كمبوند أوجامي رأس الحكمة","Phrase","Removed"
"386-792-3119","DEV - SODIC - Search - Mobile","Ogami Ras El Hekma - AR","كمبوند أوجامي رأس الحكمة","Exact","Removed"
"386-792-3119","DEV - SODIC - Search - Mobile","Karmell New Zayed - AR","كارميل زايد الجديدة اسعار","Phrase","Removed"
"386-792-3119","DEV - SODIC - Search - Mobile","East Vale - EN","East Vale compound","Exact","Removed"
"386-792-3119","DEV - SODIC - Search - Mobile","East Vale - EN","East Vale prices","Exact","Removed"
"386-792-3119","DEV - SODIC - Search - Mobile","The Estates Residence - AR","كمبوند استيتس ريزيدينس","Phrase","Removed"
"386-792-3119","DEV - SODIC - Search - Mobile","The Estates Residence - AR","كمبوند استيتس ريزيدينس","Exact","Removed"
"386-792-3119","DEV - SODIC - Search - Mobile","East Vale - EN","East Vale prices","Phrase","Removed"
"386-792-3119","DEV - SODIC - Search - Mobile","East Vale - EN","East Vale compound","Phrase","Removed"
"386-792-3119","DEV - SODIC - Search - Mobile","Ogami Ras El Hekma - EN","Ogami Ras El Hekma prices","Exact","Removed"
"386-792-3119","DEV - SODIC - Search - Mobile","Ogami Ras El Hekma - EN","Ogami Ras El Hekma compound","Exact","Removed"
"386-792-3119","DEV - SODIC - Search - Mobile","Ogami Ras El Hekma - EN","Ogami Ras El Hekma compound","Phrase","Removed"
"386-792-3119","DEV - SODIC - Search - Mobile","Ogami Ras El Hekma - EN","Ogami Ras El Hekma prices","Phrase","Removed"
"386-792-3119","DEV - City Edge Developments - Search - Mobile","Mazarine Chalet Extension - AR","كمبوند مزارين شاليه اكستنشن","Exact","Removed"
"386-792-3119","DEV - Taj Misr Developments - Search - Mobile","De Joya 4 - AR","دي جويا 4 اسعار","Exact","Removed"
"386-792-3119","DEV - Taj Misr Developments - Search - Mobile","De Joya 4 - AR","كمبوند دي جويا 4","Phrase","Removed"
"386-792-3119","DEV - Taj Misr Developments - Search - Mobile","De Joya 4 - EN","De Joya 4 prices","Phrase","Removed"
"386-792-3119","DEV - Taj Misr Developments - Search - Mobile","De Joya 4 - AR","كمبوند دي جويا 4","Exact","Removed"
"386-792-3119","DEV - Taj Misr Developments - Search - Mobile","De Joya 4 - AR","دي جويا 4 اسعار","Phrase","Removed"
"386-792-3119","DEV - Taj Misr Developments - Search - Mobile","De Joya 4 - EN","De Joya 4 prices","Exact","Removed"
"386-792-3119","DEV - City Edge Developments - Search - Mobile","Mazarine Chalet Extension - AR","كمبوند مزارين شاليه اكستنشن","Phrase","Removed"
"386-792-3119","DEV - Taj Misr Developments - Search - Mobile","De Joya 4 - EN","De Joya 4 compound","Phrase","Removed"
"386-792-3119","DEV - City Edge Developments - Search - Mobile","Mazarine - AR","مزارين اسعار","Exact","Removed"
"386-792-3119","DEV - City Edge Developments - Search - Mobile","Il Latini City Edge - AR","الحي اللاتيني سيتي ايدج اسعار","Phrase","Removed"
"386-792-3119","DEV - City Edge Developments - Search - Mobile","Il Latini City Edge - AR","الحي اللاتيني سيتي ايدج اسعار","Exact","Removed"
"386-792-3119","DEV - City Edge Developments - Search - Mobile","Il Latini City Edge - AR","كمبوند الحي اللاتيني سيتي ايدج","Exact","Removed"
"386-792-3119","DEV - City Edge Developments - Search - Mobile","Mazarine - AR","كمبوند مزارين","Phrase","Removed"
"386-792-3119","DEV - City Edge Developments - Search - Mobile","Mazarine - AR","كمبوند مزارين","Exact","Removed"
"386-792-3119","DEV - City Edge Developments - Search - Mobile","Il Latini City Edge - AR","كمبوند الحي اللاتيني سيتي ايدج","Phrase","Removed"
"386-792-3119","DEV - City Edge Developments - Search - Mobile","Mazarine - AR","مزارين اسعار","Phrase","Removed"
"386-792-3119","DEV - City Edge Developments - Search - Mobile","Mazarine - EN","Mazarine prices","Phrase","Removed"
"386-792-3119","DEV - City Edge Developments - Search - Mobile","Mazarine - EN","Mazarine Chalet Extension compound","Phrase","Removed"
"386-792-3119","DEV - City Edge Developments - Search - Mobile","Mazarine - EN","Mazarine compound","Exact","Removed"
"386-792-3119","DEV - City Edge Developments - Search - Mobile","Mazarine - EN","Mazarine Chalet Extension compound","Exact","Removed"
"386-792-3119","DEV - City Edge Developments - Search - Mobile","Mazarine - EN","Mazarine prices","Exact","Removed"
"386-792-3119","DEV - City Edge Developments - Search - Mobile","Mazarine - EN","Mazarine compound","Phrase","Removed"
"386-792-3119","DEV - EGYGAB - Search - Mobile","Masaya - AR","كمبوند مسايا","Phrase","Removed"
"386-792-3119","DEV - EGYGAB - Search - Mobile","The Islands - EN","The Islands compound","Exact","Removed"
"386-792-3119","DEV - EGYGAB - Search - Mobile","The Islands - EN","The Islands prices","Exact","Removed"
"386-792-3119","DEV - EGYGAB - Search - Mobile","Masaya - AR","مسايا اسعار","Exact","Removed"
"386-792-3119","DEV - EGYGAB - Search - Mobile","The Islands - EN","The Islands prices","Phrase","Removed"
"386-792-3119","DEV - EGYGAB - Search - Mobile","Masaya - AR","كمبوند مسايا","Exact","Removed"
"386-792-3119","DEV - EGYGAB - Search - Mobile","The Islands - EN","The Islands compound","Phrase","Removed"
"386-792-3119","DEV - EGYGAB - Search - Mobile","Masaya - AR","مسايا اسعار","Phrase","Removed"
"386-792-3119","DEV - EGYGAB - Search - Mobile","The Median Residences - AR","ذا ميديان ريزيدنسز اسعار","Exact","Removed"
"386-792-3119","DEV - EGYGAB - Search - Mobile","The Islands - AR","كمبوند ذا أيلاندز","Exact","Removed"
"386-792-3119","DEV - EGYGAB - Search - Mobile","The Median Residences - AR","ذا ميديان ريزيدنسز اسعار","Phrase","Removed"
"386-792-3119","DEV - EGYGAB - Search - Mobile","The Islands - AR","كمبوند ذا أيلاندز","Phrase","Removed"
"386-792-3119","DEV - EGYGAB - Search - Mobile","The Islands - AR","ذا أيلاندز اسعار","Exact","Removed"
"386-792-3119","DEV - EGYGAB - Search - Mobile","The Median Residences - AR","كمبوند ذا ميديان ريزيدنسز","Exact","Removed"
"386-792-3119","DEV - EGYGAB - Search - Mobile","The Islands - AR","ذا أيلاندز اسعار","Phrase","Removed"
"386-792-3119","DEV - EGYGAB - Search - Mobile","The Median Residences - AR","كمبوند ذا ميديان ريزيدنسز","Phrase","Removed"
"386-792-3119","DEV - EGYGAB - Search - Mobile","Masaya - EN","Masaya prices","Phrase","Removed"
"386-792-3119","DEV - EGYGAB - Search - Mobile","The Median Residences - EN","The Median Residences prices","Exact","Removed"
"386-792-3119","DEV - EGYGAB - Search - Mobile","The Median Residences - EN","The Median Residences prices","Phrase","Removed"
"386-792-3119","DEV - EGYGAB - Search - Mobile","The Median Residences - EN","The Median Residences compound","Phrase","Removed"
"386-792-3119","DEV - EGYGAB - Search - Mobile","The Median Residences - EN","The Median Residences compound","Exact","Removed"
"386-792-3119","DEV - EGYGAB - Search - Mobile","Masaya - EN","Masaya prices","Exact","Removed"
"386-792-3119","DEV - EGYGAB - Search - Mobile","Masaya - EN","Masaya compound","Exact","Removed"
"386-792-3119","DEV - EGYGAB - Search - Mobile","Masaya - EN","Masaya compound","Phrase","Removed"
"386-792-3119","DEV - Saudi Egyptian Developers (SED) - Search - Mobile","Tierra - EN","Tierra compound","Phrase","Removed"
"386-792-3119","DEV - Saudi Egyptian Developers (SED) - Search - Mobile","Bleu Vert - EN","Bleu Vert compound","Phrase","Removed"
"386-792-3119","DEV - Gates Development - Search - Mobile","Lugar - EN","Lugar compound","Phrase","Removed"
"386-792-3119","DEV - Better Home - Search - Mobile","Midtown Sky - EN","Midtown Sky compound","Exact","Removed"
"386-792-3119","DEV - Gates Development - Search - Mobile","Lugar - EN","Lugar compound","Exact","Removed"
"386-792-3119","DEV - Better Home - Search - Mobile","Midtown Sky - EN","Midtown Sky Mall prices","Exact","Removed"
"386-792-3119","DEV - Better Home - Search - Mobile","Midtown Sky - EN","Midtown Sky prices","Phrase","Removed"
"386-792-3119","DEV - Gates Development - Search - Mobile","Lugar - EN","Lugar prices","Exact","Removed"
"386-792-3119","DEV - Better Home - Search - Mobile","Midtown Sky - EN","Midtown Sky Mall compound","Phrase","Removed"
"386-792-3119","DEV - Better Home - Search - Mobile","Midtown Sky - EN","Midtown Sky Mall compound","Exact","Removed"
"386-792-3119","DEV - Better Home - Search - Mobile","Midtown Sky - EN","Midtown Sky Mall prices","Phrase","Removed"
"386-792-3119","DEV - Better Home - Search - Mobile","Midtown Sky - AR","ميد تاون سكاي اسعار","Exact","Removed"
"386-792-3119","DEV - Better Home - Search - Mobile","Midtown Sky - EN","Midtown Sky compound","Phrase","Removed"
"386-792-3119","DEV - Gates Development - Search - Mobile","Lugar - EN","Lugar prices","Phrase","Removed"
"386-792-3119","DEV - Saudi Egyptian Developers (SED) - Search - Mobile","Bleu Vert - AR","كمبوند بلو فيرت","Phrase","Removed"
"386-792-3119","DEV - Better Home - Search - Mobile","Midtown Sky - AR","كمبوند ميد تاون سكاي","Exact","Removed"
"386-792-3119","DEV - Better Home - Search - Mobile","Midtown Sky - AR","كمبوند ميد تاون سكاي","Phrase","Removed"
"386-792-3119","DEV - Better Home - Search - Mobile","Cairo Business Plaza - EN","Cairo Business Plaza compound","Exact","Removed"
"386-792-3119","DEV - Saudi Egyptian Developers (SED) - Search - Mobile","Bleu Vert - AR","بلو فيرت اسعار","Phrase","Removed"
"386-792-3119","DEV - Saudi Egyptian Developers (SED) - Search - Mobile","Bleu Vert - AR","بلو فيرت اسعار","Exact","Removed"
"386-792-3119","DEV - Saudi Egyptian Developers (SED) - Search - Mobile","Bleu Vert - AR","كمبوند بلو فيرت","Exact","Removed"
"386-792-3119","DEV - Better Home - Search - Mobile","Midtown Sky - AR","ميد تاون سكاي اسعار","Phrase","Removed"
"386-792-3119","DEV - Better Home - Search - Mobile","Cairo Business Plaza - EN","Cairo Business Plaza compound","Phrase","Removed"
"386-792-3119","DEV - Better Home - Search - Mobile","Midtown Sky - EN","Midtown Sky prices","Exact","Removed"
"386-792-3119","DEV - Saudi Egyptian Developers (SED) - Search - Mobile","Marina 8 By The Lake - EN","Marina 8 By The Lake compound","Phrase","Removed"
"386-792-3119","DEV - Better Home - Search - Mobile","Midtown Sky Mall - AR","ميد تاون سكاي مول اسعار","Exact","Removed"
"386-792-3119","DEV - Better Home - Search - Mobile","Midtown Sky Mall - AR","ميد تاون سكاي مول اسعار","Phrase","Removed"
"386-792-3119","DEV - Saudi Egyptian Developers (SED) - Search - Mobile","Marina 8 By The Lake - EN","Marina 8 By The Lake compound","Exact","Removed"
"386-792-3119","DEV - Gates Development - Search - Mobile","Lyv Caesar - Ras El Hekma - AR","ليف سيزار - راس الحكمة اسعار","Exact","Removed"
"386-792-3119","DEV - Better Home - Search - Mobile","Midtown Sky Mall - AR","كمبوند ميد تاون سكاي مول","Phrase","Removed"
"386-792-3119","DEV - Gates Development - Search - Mobile","Lyv Caesar - Ras El Hekma - AR","كمبوند ليف سيزار - راس الحكمة","Phrase","Removed"
"386-792-3119","DEV - Gates Development - Search - Mobile","Lyv Caesar - Ras El Hekma - AR","كمبوند ليف سيزار - راس الحكمة","Exact","Removed"
"386-792-3119","DEV - Gates Development - Search - Mobile","Lyv Caesar - Ras El Hekma - AR","ليف سيزار - راس الحكمة اسعار","Phrase","Removed"
"386-792-3119","DEV - Better Home - Search - Mobile","Midtown Sky Mall - AR","كمبوند ميد تاون سكاي مول","Exact","Removed"
"386-792-3119","DEV - Inertia Egypt - Search - Mobile","Vaya - Jefaira - AR","فايا - جيفيرا اسعار","Exact","Removed"
"386-792-3119","DEV - Orascom Development Egypt - Search - Mobile","Midyard - AR","كمبوند ميديارد","Phrase","Removed"
"386-792-3119","DEV - Inertia Egypt - Search - Mobile","Vaya - Jefaira - AR","كمبوند فايا - جيفيرا","Exact","Removed"
"386-792-3119","DEV - Sky AD Developments - Search - Mobile","Bluetree - AR","كمبوند بلوتري","Exact","Removed"
"386-792-3119","DEV - Orascom Development Egypt - Search - Mobile","Core - EN","Core compound","Phrase","Removed"
"386-792-3119","DEV - Sky AD Developments - Search - Mobile","Bluetree - AR","بلوتري اسعار","Phrase","Removed"
"386-792-3119","DEV - Orascom Development Egypt - Search - Mobile","Core - EN","Core prices","Phrase","Removed"
"386-792-3119","DEV - Orascom Development Egypt - Search - Mobile","O Views - AR","كمبوند او فيوز","Exact","Removed"
"386-792-3119","DEV - Orascom Development Egypt - Search - Mobile","O Views - AR","كمبوند او فيوز","Phrase","Removed"
"386-792-3119","DEV - Orascom Development Egypt - Search - Mobile","O Views - AR","او فيوز اسعار","Exact","Removed"
"386-792-3119","DEV - Orascom Development Egypt - Search - Mobile","O Views - AR","او فيوز اسعار","Phrase","Removed"
"386-792-3119","DEV - Orascom Development Egypt - Search - Mobile","Parkside - Owest - AR","بارك سايد - أو ويست اسعار","Phrase","Removed"
"386-792-3119","DEV - Sky AD Developments - Search - Mobile","Blue Walk - EN","Blue Walk compound","Exact","Removed"
"386-792-3119","DEV - Inertia Egypt - Search - Mobile","Vaya - Jefaira - EN","Vaya - Jefaira compound","Phrase","Removed"
"386-792-3119","DEV - Sky AD Developments - Search - Mobile","Capital avenue - EN","Capital avenue prices","Exact","Removed"
"386-792-3119","DEV - Inertia Egypt - Search - Mobile","Ayla Jefaira - AR","ايلا جيفيرا اسعار","Phrase","Removed"
"386-792-3119","DEV - Sky AD Developments - Search - Mobile","Capital avenue - EN","Capital avenue compound","Phrase","Removed"
"386-792-3119","DEV - Orascom Development Egypt - Search - Mobile","Parkside - Owest - AR","كمبوند بارك سايد - أو ويست","Exact","Removed"
"386-792-3119","DEV - Sky AD Developments - Search - Mobile","Blue Walk - EN","Blue Walk prices","Phrase","Removed"
"386-792-3119","DEV - Sky AD Developments - Search - Mobile","Blue Walk - EN","Blue Walk prices","Exact","Removed"
"386-792-3119","DEV - Sky AD Developments - Search - Mobile","Capital avenue - EN","Capital avenue prices","Phrase","Removed"
"386-792-3119","DEV - Inertia Egypt - Search - Mobile","Ayla Jefaira - AR","كمبوند ايلا جيفيرا","Phrase","Removed"
"386-792-3119","DEV - Inertia Egypt - Search - Mobile","Ayla Jefaira - AR","ايلا جيفيرا اسعار","Exact","Removed"
"386-792-3119","DEV - Inertia Egypt - Search - Mobile","Vaya - Jefaira - EN","Vaya - Jefaira prices","Exact","Removed"
"386-792-3119","DEV - Inertia Egypt - Search - Mobile","Vaya - Jefaira - EN","Vaya - Jefaira prices","Phrase","Removed"
"386-792-3119","DEV - Inertia Egypt - Search - Mobile","Vaya - Jefaira - EN","Vaya - Jefaira compound","Exact","Removed"
"386-792-3119","DEV - Sky AD Developments - Search - Mobile","Capital avenue - EN","Capital avenue compound","Exact","Removed"
"386-792-3119","DEV - Orascom Development Egypt - Search - Mobile","Parkside - Owest - AR","كمبوند بارك سايد - أو ويست","Phrase","Removed"
"386-792-3119","DEV - Inertia Egypt - Search - Mobile","Ayla Jefaira - AR","كمبوند ايلا جيفيرا","Exact","Removed"
"386-792-3119","DEV - Sky AD Developments - Search - Mobile","Blue Walk - EN","Blue Walk compound","Phrase","Removed"
"386-792-3119","DEV - Orascom Development Egypt - Search - Mobile","Parkside - Owest - AR","بارك سايد - أو ويست اسعار","Exact","Removed"
"386-792-3119","DEV - New Plan - Search - Mobile","Brand+Area - AR","شقق تقسيط العاصمة الإدارية الجديدة","Exact","Enabled"
"386-792-3119","DEV - New Plan - Search - Mobile","Brand+Area - AR","شقق تقسيط العاصمة الإدارية الجديدة","Phrase","Removed"
"386-792-3119","DEV - New Plan - Search - Mobile","Brand+Area - AR","نيو بلان اللوتس","Exact","Enabled"
"386-792-3119","DEV - New Plan - Search - Mobile","Brand+Area - AR","نيو بلان اللوتس","Phrase","Removed"
"386-792-3119","DEV - New Plan - Search - Mobile","Brand+Area - AR","نيو بلان كمبوندات","Exact","Enabled"
"386-792-3119","DEV - New Plan - Search - Mobile","Brand+Area - AR","نيو بلان كمبوندات","Phrase","Removed"
"386-792-3119","DEV - New Plan - Search - Mobile","Brand+Area - AR","شقق تقسيط اللوتس","Exact","Enabled"
"386-792-3119","DEV - New Plan - Search - Mobile","Brand+Area - AR","شقق تقسيط اللوتس","Phrase","Removed"
"386-792-3119","DEV - New Plan - Search - Mobile","Brand+Area - AR","شقق للبيع في العاصمة الإدارية الجديدة","Exact","Enabled"
"386-792-3119","DEV - New Plan - Search - Mobile","Brand+Area - AR","شقق للبيع في العاصمة الإدارية الجديدة","Phrase","Removed"
"386-792-3119","DEV - New Plan - Search - Mobile","Brand+Area - AR","شقق للبيع في اللوتس","Exact","Enabled"
"386-792-3119","DEV - New Plan - Search - Mobile","Brand+Area - AR","شقق للبيع في اللوتس","Phrase","Removed"
"386-792-3119","DEV - Palm Hills Developments - Search - Mobile","Brand+Area - EN","Palm New Zayed","Exact","Enabled"
"386-792-3119","DEV - Palm Hills Developments - Search - Mobile","Brand+Area - EN","Palm New Zayed","Phrase","Removed"
"386-792-3119","DEV - Palm Hills Developments - Search - Mobile","Brand+Area - EN","apartments for sale in New Zayed","Exact","Enabled"
"386-792-3119","DEV - Palm Hills Developments - Search - Mobile","Brand+Area - EN","apartments for sale in New Zayed","Phrase","Removed"
"386-792-3119","DEV - Palm Hills Developments - Search - Mobile","Brand+Area - EN","villas for sale in New Zayed","Exact","Enabled"
"386-792-3119","DEV - Palm Hills Developments - Search - Mobile","Brand+Area - EN","villas for sale in New Zayed","Phrase","Removed"
"386-792-3119","DEV - New Plan - Search - Mobile","Brand+Area - EN","villas for sale in El Lotus","Exact","Enabled"
"386-792-3119","DEV - New Plan - Search - Mobile","Brand+Area - EN","villas for sale in El Lotus","Phrase","Removed"
"386-792-3119","DEV - New Plan - Search - Mobile","Brand+Area - EN","apartments for sale in El Lotus","Exact","Enabled"
"386-792-3119","DEV - New Plan - Search - Mobile","Brand+Area - EN","apartments for sale in El Lotus","Phrase","Removed"
"386-792-3119","DEV - Palm Hills Developments - Search - Mobile","Brand+Area - EN","villas for sale in October Gardens","Exact","Enabled"
"386-792-3119","DEV - Palm Hills Developments - Search - Mobile","Brand+Area - EN","villas for sale in October Gardens","Phrase","Removed"
"386-792-3119","DEV - New Plan - Search - Mobile","Brand+Area - EN","villas for sale in New Capital City","Exact","Enabled"
"386-792-3119","DEV - New Plan - Search - Mobile","Brand+Area - EN","villas for sale in New Capital City","Phrase","Removed"
"386-792-3119","DEV - New Plan - Search - Mobile","Brand+Area - EN","apartments for sale in New Capital City","Exact","Enabled"
"386-792-3119","DEV - New Plan - Search - Mobile","Brand+Area - EN","apartments for sale in New Capital City","Phrase","Removed"
"386-792-3119","DEV - New Plan - Search - Mobile","Brand+Area - EN","New El Lotus","Exact","Enabled"
"386-792-3119","DEV - New Plan - Search - Mobile","Brand+Area - EN","New El Lotus","Phrase","Removed"
"386-792-3119","DEV - Palm Hills Developments - Search - Mobile","Brand+Area - EN","apartments for sale in October Gardens","Exact","Enabled"
"386-792-3119","DEV - Palm Hills Developments - Search - Mobile","Brand+Area - EN","apartments for sale in October Gardens","Phrase","Removed"
"386-792-3119","DEV - Modon Egypt - Search - Mobile","Brand+Area - EN","Modon New Capital City","Exact","Enabled"
"386-792-3119","DEV - Modon Egypt - Search - Mobile","Brand+Area - EN","Modon New Capital City","Phrase","Removed"
"386-792-3119","DEV - Taj Misr Developments - Search - Mobile","Brand+Area - AR","شقق للبيع في الشيخ زايد الجديدة","Exact","Enabled"
"386-792-3119","DEV - Taj Misr Developments - Search - Mobile","Brand+Area - AR","شقق للبيع في الشيخ زايد الجديدة","Phrase","Removed"
"386-792-3119","DEV - Taj Misr Developments - Search - Mobile","Brand+Area - AR","شقق للبيع في العاصمة الإدارية الجديدة","Exact","Enabled"
"386-792-3119","DEV - Taj Misr Developments - Search - Mobile","Brand+Area - AR","شقق للبيع في العاصمة الإدارية الجديدة","Phrase","Removed"
"386-792-3119","DEV - Taj Misr Developments - Search - Mobile","Brand+Area - AR","تاج مصر كمبوندات","Exact","Enabled"
"386-792-3119","DEV - Taj Misr Developments - Search - Mobile","Brand+Area - AR","تاج مصر كمبوندات","Phrase","Removed"
"386-792-3119","DEV - Taj Misr Developments - Search - Mobile","Brand+Area - AR","شقق تقسيط العاصمة الإدارية الجديدة","Exact","Enabled"
"386-792-3119","DEV - Taj Misr Developments - Search - Mobile","Brand+Area - AR","شقق تقسيط العاصمة الإدارية الجديدة","Phrase","Removed"
"386-792-3119","DEV - Taj Misr Developments - Search - Mobile","Brand+Area - AR","شقق تقسيط الشيخ زايد الجديدة","Exact","Enabled"
"386-792-3119","DEV - Taj Misr Developments - Search - Mobile","Brand+Area - AR","شقق تقسيط الشيخ زايد الجديدة","Phrase","Removed"
"386-792-3119","DEV - Taj Misr Developments - Search - Mobile","Brand+Area - AR","تاج مصر العاصمة الإدارية الجديدة","Exact","Enabled"
"386-792-3119","DEV - Taj Misr Developments - Search - Mobile","Brand+Area - AR","تاج مصر العاصمة الإدارية الجديدة","Phrase","Removed"
"386-792-3119","DEV - City Edge Developments - Search - Mobile","Brand+Area - EN","villas for sale in Al Alamein","Exact","Enabled"
"386-792-3119","DEV - City Edge Developments - Search - Mobile","Brand+Area - EN","villas for sale in Al Alamein","Phrase","Removed"
"386-792-3119","DEV - City Edge Developments - Search - Mobile","Brand+Area - EN","apartments for sale in Al Alamein","Exact","Enabled"
"386-792-3119","DEV - City Edge Developments - Search - Mobile","Brand+Area - EN","apartments for sale in Al Alamein","Phrase","Removed"
"386-792-3119","DEV - City Edge Developments - Search - Mobile","Brand+Area - EN","villas for sale in New Capital City","Exact","Enabled"
"386-792-3119","DEV - City Edge Developments - Search - Mobile","Brand+Area - EN","villas for sale in New Capital City","Phrase","Removed"
"386-792-3119","DEV - City Edge Developments - Search - Mobile","Brand+Area - EN","City Al Alamein","Exact","Enabled"
"386-792-3119","DEV - City Edge Developments - Search - Mobile","Brand+Area - EN","City Al Alamein","Phrase","Removed"
"386-792-3119","DEV - City Edge Developments - Search - Mobile","Brand+Area - EN","apartments for sale in New Capital City","Exact","Enabled"
"386-792-3119","DEV - City Edge Developments - Search - Mobile","Brand+Area - EN","apartments for sale in New Capital City","Phrase","Removed"
"386-792-3119","DEV - Taj Misr Developments - Search - Mobile","Brand+Area - EN","apartments for sale in New Capital City","Exact","Enabled"
"386-792-3119","DEV - Taj Misr Developments - Search - Mobile","Brand+Area - EN","apartments for sale in New Capital City","Phrase","Removed"
"386-792-3119","DEV - Taj Misr Developments - Search - Mobile","Brand+Area - EN","villas for sale in New Zayed","Exact","Enabled"
"386-792-3119","DEV - Taj Misr Developments - Search - Mobile","Brand+Area - EN","villas for sale in New Zayed","Phrase","Removed"
"386-792-3119","DEV - Taj Misr Developments - Search - Mobile","Brand+Area - EN","villas for sale in New Capital City","Exact","Enabled"
"386-792-3119","DEV - Taj Misr Developments - Search - Mobile","Brand+Area - EN","villas for sale in New Capital City","Phrase","Removed"
"386-792-3119","DEV - Taj Misr Developments - Search - Mobile","Brand+Area - EN","Taj New Capital City","Exact","Enabled"
"386-792-3119","DEV - Taj Misr Developments - Search - Mobile","Brand+Area - EN","Taj New Capital City","Phrase","Removed"
"386-792-3119","DEV - Taj Misr Developments - Search - Mobile","Brand+Area - EN","apartments for sale in New Zayed","Exact","Enabled"
"386-792-3119","DEV - Taj Misr Developments - Search - Mobile","Brand+Area - EN","apartments for sale in New Zayed","Phrase","Removed"
"386-792-3119","DEV - Modon Egypt - Search - Mobile","Brand+Area - EN","apartments for sale in New Capital City","Exact","Enabled"
"386-792-3119","DEV - Modon Egypt - Search - Mobile","Brand+Area - EN","apartments for sale in New Capital City","Phrase","Removed"
"386-792-3119","DEV - Modon Egypt - Search - Mobile","Brand+Area - EN","apartments for sale in Golden Square","Exact","Enabled"
"386-792-3119","DEV - Modon Egypt - Search - Mobile","Brand+Area - EN","apartments for sale in Golden Square","Phrase","Removed"
"386-792-3119","DEV - Modon Egypt - Search - Mobile","Brand+Area - EN","villas for sale in Golden Square","Exact","Enabled"
"386-792-3119","DEV - Modon Egypt - Search - Mobile","Brand+Area - EN","villas for sale in Golden Square","Phrase","Removed"
"386-792-3119","DEV - Modon Egypt - Search - Mobile","Brand+Area - EN","villas for sale in New Capital City","Exact","Enabled"
"386-792-3119","DEV - Modon Egypt - Search - Mobile","Brand+Area - EN","villas for sale in New Capital City","Phrase","Removed"
"386-792-3119","DEV - Modon Egypt - Search - Mobile","Brand+Area - AR","شقق تقسيط جولدن سكوير","Exact","Enabled"
"386-792-3119","DEV - Modon Egypt - Search - Mobile","Brand+Area - AR","شقق تقسيط جولدن سكوير","Phrase","Removed"
"386-792-3119","DEV - Modon Egypt - Search - Mobile","Brand+Area - AR","شقق تقسيط العاصمة الإدارية الجديدة","Exact","Enabled"
"386-792-3119","DEV - Modon Egypt - Search - Mobile","Brand+Area - AR","شقق تقسيط العاصمة الإدارية الجديدة","Phrase","Removed"
"386-792-3119","DEV - Modon Egypt - Search - Mobile","Brand+Area - AR","شقق للبيع في العاصمة الإدارية الجديدة","Exact","Enabled"
"386-792-3119","DEV - Modon Egypt - Search - Mobile","Brand+Area - AR","شقق للبيع في العاصمة الإدارية الجديدة","Phrase","Removed"
"386-792-3119","DEV - Modon Egypt - Search - Mobile","Brand+Area - AR","مدن كمبوندات","Exact","Enabled"
"386-792-3119","DEV - Modon Egypt - Search - Mobile","Brand+Area - AR","مدن كمبوندات","Phrase","Removed"
"386-792-3119","DEV - Modon Egypt - Search - Mobile","Brand+Area - AR","شقق للبيع في جولدن سكوير","Exact","Enabled"
"386-792-3119","DEV - Modon Egypt - Search - Mobile","Brand+Area - AR","شقق للبيع في جولدن سكوير","Phrase","Removed"
"386-792-3119","DEV - Modon Egypt - Search - Mobile","Brand+Area - AR","مدن العاصمة الإدارية الجديدة","Exact","Enabled"
"386-792-3119","DEV - Modon Egypt - Search - Mobile","Brand+Area - AR","مدن العاصمة الإدارية الجديدة","Phrase","Removed"
"386-792-3119","DEV - Palm Hills Developments - Search - Mobile","Brand+Area - AR","شقق للبيع في الشيخ زايد الجديدة","Exact","Enabled"
"386-792-3119","DEV - Palm Hills Developments - Search - Mobile","Brand+Area - AR","شقق للبيع في الشيخ زايد الجديدة","Phrase","Removed"
"386-792-3119","DEV - Palm Hills Developments - Search - Mobile","Brand+Area - AR","بالم هيلز كمبوندات","Exact","Enabled"
"386-792-3119","DEV - Palm Hills Developments - Search - Mobile","Brand+Area - AR","بالم هيلز كمبوندات","Phrase","Removed"
"386-792-3119","DEV - Palm Hills Developments - Search - Mobile","Brand+Area - AR","شقق تقسيط الشيخ زايد الجديدة","Exact","Enabled"
"386-792-3119","DEV - Palm Hills Developments - Search - Mobile","Brand+Area - AR","شقق تقسيط الشيخ زايد الجديدة","Phrase","Removed"
"386-792-3119","DEV - Palm Hills Developments - Search - Mobile","Brand+Area - AR","شقق للبيع في حدائق اكتوبر","Exact","Enabled"
"386-792-3119","DEV - Palm Hills Developments - Search - Mobile","Brand+Area - AR","شقق للبيع في حدائق اكتوبر","Phrase","Removed"
"386-792-3119","DEV - Palm Hills Developments - Search - Mobile","Brand+Area - AR","شقق تقسيط حدائق اكتوبر","Exact","Enabled"
"386-792-3119","DEV - Palm Hills Developments - Search - Mobile","Brand+Area - AR","شقق تقسيط حدائق اكتوبر","Phrase","Removed"
"386-792-3119","DEV - Palm Hills Developments - Search - Mobile","Brand+Area - AR","بالم هيلز الشيخ زايد الجديدة","Exact","Enabled"
"386-792-3119","DEV - Palm Hills Developments - Search - Mobile","Brand+Area - AR","بالم هيلز الشيخ زايد الجديدة","Phrase","Removed"
"386-792-3119","DEV - Hyde Park - Search - Mobile","Brand+Area - EN","villas for sale in 6th of October City","Exact","Enabled"
"386-792-3119","DEV - Hyde Park - Search - Mobile","Brand+Area - EN","villas for sale in 6th of October City","Phrase","Removed"
"386-792-3119","DEV - Hyde Park - Search - Mobile","Brand+Area - AR","هايد بارك مدينة السادس من أكتوبر","Exact","Enabled"
"386-792-3119","DEV - Hyde Park - Search - Mobile","Brand+Area - AR","هايد بارك مدينة السادس من أكتوبر","Phrase","Removed"
"386-792-3119","DEV - Hyde Park - Search - Mobile","Brand+Area - AR","شقق للبيع في مدينة السادس من أكتوبر","Exact","Enabled"
"386-792-3119","DEV - Hyde Park - Search - Mobile","Brand+Area - AR","شقق للبيع في مدينة السادس من أكتوبر","Phrase","Removed"
"386-792-3119","DEV - Hyde Park - Search - Mobile","Brand+Area - EN","apartments for sale in New Cairo","Exact","Enabled"
"386-792-3119","DEV - Hyde Park - Search - Mobile","Brand+Area - EN","apartments for sale in New Cairo","Phrase","Removed"
"386-792-3119","DEV - Hyde Park - Search - Mobile","Brand+Area - EN","Hyde 6th of October City","Exact","Enabled"
"386-792-3119","DEV - Hyde Park - Search - Mobile","Brand+Area - EN","Hyde 6th of October City","Phrase","Removed"
"386-792-3119","DEV - Hyde Park - Search - Mobile","Brand+Area - EN","apartments for sale in 6th of October City","Exact","Enabled"
"386-792-3119","DEV - Hyde Park - Search - Mobile","Brand+Area - EN","apartments for sale in 6th of October City","Phrase","Removed"
"386-792-3119","DEV - Hyde Park - Search - Mobile","Brand+Area - AR","شقق تقسيط القاهرة الجديدة","Exact","Enabled"
"386-792-3119","DEV - Hyde Park - Search - Mobile","Brand+Area - AR","شقق تقسيط القاهرة الجديدة","Phrase","Removed"
"386-792-3119","DEV - Hyde Park - Search - Mobile","Brand+Area - AR","شقق للبيع في القاهرة الجديدة","Exact","Enabled"
"386-792-3119","DEV - Hyde Park - Search - Mobile","Brand+Area - AR","شقق للبيع في القاهرة الجديدة","Phrase","Removed"
"386-792-3119","DEV - Hyde Park - Search - Mobile","Brand+Area - EN","villas for sale in New Cairo","Exact","Enabled"
"386-792-3119","DEV - Hyde Park - Search - Mobile","Brand+Area - EN","villas for sale in New Cairo","Phrase","Removed"
"386-792-3119","DEV - Hyde Park - Search - Mobile","Brand+Area - AR","شقق تقسيط مدينة السادس من أكتوبر","Exact","Enabled"
"386-792-3119","DEV - Hyde Park - Search - Mobile","Brand+Area - AR","شقق تقسيط مدينة السادس من أكتوبر","Phrase","Removed"
"386-792-3119","DEV - Hyde Park - Search - Mobile","Brand+Area - AR","هايد بارك كمبوندات","Exact","Enabled"
"386-792-3119","DEV - Hyde Park - Search - Mobile","Brand+Area - AR","هايد بارك كمبوندات","Phrase","Removed"
"386-792-3119","DEV - Gates Development - Search - Mobile","Brand+Area - EN","apartments for sale in Ras El Hekma","Exact","Enabled"
"386-792-3119","DEV - Gates Development - Search - Mobile","Brand+Area - EN","apartments for sale in Ras El Hekma","Phrase","Removed"
"386-792-3119","DEV - Gates Development - Search - Mobile","Brand+Area - EN","Gates New Capital City","Exact","Enabled"
"386-792-3119","DEV - Gates Development - Search - Mobile","Brand+Area - EN","Gates New Capital City","Phrase","Removed"
"386-792-3119","DEV - Gates Development - Search - Mobile","Brand+Area - EN","villas for sale in Ras El Hekma","Exact","Enabled"
"386-792-3119","DEV - Gates Development - Search - Mobile","Brand+Area - EN","villas for sale in Ras El Hekma","Phrase","Removed"
"386-792-3119","DEV - Gates Development - Search - Mobile","Brand+Area - EN","apartments for sale in New Capital City","Exact","Enabled"
"386-792-3119","DEV - Gates Development - Search - Mobile","Brand+Area - EN","apartments for sale in New Capital City","Phrase","Removed"
"386-792-3119","DEV - Gates Development - Search - Mobile","Brand+Area - EN","villas for sale in New Capital City","Exact","Enabled"
"386-792-3119","DEV - Gates Development - Search - Mobile","Brand+Area - EN","villas for sale in New Capital City","Phrase","Removed"
"386-792-3119","DEV - Saudi Egyptian Developers (SED) - Search - Mobile","Brand+Area - EN","apartments for sale in 6th settlement","Exact","Enabled"
"386-792-3119","DEV - Saudi Egyptian Developers (SED) - Search - Mobile","Brand+Area - EN","apartments for sale in 6th settlement","Phrase","Removed"
"386-792-3119","DEV - Better Home - Search - Mobile","Brand+Area - EN","villas for sale in New Capital City","Exact","Enabled"
"386-792-3119","DEV - Better Home - Search - Mobile","Brand+Area - EN","villas for sale in New Capital City","Phrase","Removed"
"386-792-3119","DEV - Better Home - Search - Mobile","Brand+Area - EN","apartments for sale in New Capital City","Exact","Enabled"
"386-792-3119","DEV - Better Home - Search - Mobile","Brand+Area - EN","apartments for sale in New Capital City","Phrase","Removed"
"386-792-3119","DEV - Saudi Egyptian Developers (SED) - Search - Mobile","Brand+Area - EN","Saudi Al Alamein","Exact","Enabled"
"386-792-3119","DEV - Saudi Egyptian Developers (SED) - Search - Mobile","Brand+Area - EN","Saudi Al Alamein","Phrase","Removed"
"386-792-3119","DEV - Better Home - Search - Mobile","Brand+Area - EN","apartments for sale in New Cairo","Exact","Enabled"
"386-792-3119","DEV - Better Home - Search - Mobile","Brand+Area - EN","apartments for sale in New Cairo","Phrase","Removed"
"386-792-3119","DEV - Gates Development - Search - Mobile","Brand+Area - AR","شقق للبيع في العاصمة الإدارية الجديدة","Exact","Enabled"
"386-792-3119","DEV - Gates Development - Search - Mobile","Brand+Area - AR","شقق للبيع في العاصمة الإدارية الجديدة","Phrase","Removed"
"386-792-3119","DEV - Gates Development - Search - Mobile","Brand+Area - AR","جيتس كمبوندات","Exact","Enabled"
"386-792-3119","DEV - Gates Development - Search - Mobile","Brand+Area - AR","جيتس كمبوندات","Phrase","Removed"
"386-792-3119","DEV - Saudi Egyptian Developers (SED) - Search - Mobile","Brand+Area - EN","villas for sale in 6th settlement","Exact","Enabled"
"386-792-3119","DEV - Saudi Egyptian Developers (SED) - Search - Mobile","Brand+Area - EN","villas for sale in 6th settlement","Phrase","Removed"
"386-792-3119","DEV - Saudi Egyptian Developers (SED) - Search - Mobile","Brand+Area - EN","apartments for sale in Al Alamein","Exact","Enabled"
"386-792-3119","DEV - Saudi Egyptian Developers (SED) - Search - Mobile","Brand+Area - EN","apartments for sale in Al Alamein","Phrase","Removed"
"386-792-3119","DEV - Better Home - Search - Mobile","Brand+Area - EN","villas for sale in New Cairo","Exact","Enabled"
"386-792-3119","DEV - Better Home - Search - Mobile","Brand+Area - EN","villas for sale in New Cairo","Phrase","Removed"
"386-792-3119","DEV - Saudi Egyptian Developers (SED) - Search - Mobile","Brand+Area - EN","villas for sale in Al Alamein","Exact","Enabled"
"386-792-3119","DEV - Saudi Egyptian Developers (SED) - Search - Mobile","Brand+Area - EN","villas for sale in Al Alamein","Phrase","Removed"
"386-792-3119","DEV - Madinet Masr - Search - Mobile","Brand+Area - AR","مدينة نصر للاسكان القاهرة الجديدة","Exact","Enabled"
"386-792-3119","DEV - Madinet Masr - Search - Mobile","Brand+Area - AR","مدينة نصر للاسكان القاهرة الجديدة","Phrase","Removed"
"386-792-3119","DEV - Madinet Masr - Search - Mobile","Brand+Area - AR","مدينة نصر للاسكان كمبوندات","Exact","Enabled"
"386-792-3119","DEV - Madinet Masr - Search - Mobile","Brand+Area - AR","مدينة نصر للاسكان كمبوندات","Phrase","Removed"
"386-792-3119","DEV - Madinet Masr - Search - Mobile","Brand+Area - AR","شقق تقسيط القاهرة الجديدة","Exact","Enabled"
"386-792-3119","DEV - Madinet Masr - Search - Mobile","Brand+Area - AR","شقق تقسيط القاهرة الجديدة","Phrase","Removed"
"386-792-3119","DEV - Madinet Masr - Search - Mobile","Brand+Area - AR","شقق للبيع في القاهرة الجديدة","Exact","Enabled"
"386-792-3119","DEV - Madinet Masr - Search - Mobile","Brand+Area - AR","شقق للبيع في القاهرة الجديدة","Phrase","Removed"
"386-792-3119","DEV - Madinet Masr - Search - Mobile","Brand+Area - AR","شقق للبيع في هيليوبوليس الجديدة","Exact","Enabled"
"386-792-3119","DEV - Madinet Masr - Search - Mobile","Brand+Area - AR","شقق للبيع في هيليوبوليس الجديدة","Phrase","Removed"
"386-792-3119","DEV - Madinet Masr - Search - Mobile","Brand+Area - AR","شقق تقسيط هيليوبوليس الجديدة","Exact","Enabled"
"386-792-3119","DEV - Madinet Masr - Search - Mobile","Brand+Area - AR","شقق تقسيط هيليوبوليس الجديدة","Phrase","Removed"
"386-792-3119","DEV - Madinet Masr - Search - Mobile","Brand+Area - EN","villas for sale in New Cairo","Exact","Enabled"
"386-792-3119","DEV - Madinet Masr - Search - Mobile","Brand+Area - EN","villas for sale in New Cairo","Phrase","Removed"
"386-792-3119","DEV - Madinet Masr - Search - Mobile","Brand+Area - EN","Madinet New Cairo","Exact","Enabled"
"386-792-3119","DEV - Madinet Masr - Search - Mobile","Brand+Area - EN","Madinet New Cairo","Phrase","Removed"
"386-792-3119","DEV - Madinet Masr - Search - Mobile","Brand+Area - EN","villas for sale in New Heliopolis","Exact","Enabled"
"386-792-3119","DEV - Madinet Masr - Search - Mobile","Brand+Area - EN","villas for sale in New Heliopolis","Phrase","Removed"
"386-792-3119","DEV - Madinet Masr - Search - Mobile","Brand+Area - EN","apartments for sale in New Cairo","Exact","Enabled"
"386-792-3119","DEV - Madinet Masr - Search - Mobile","Brand+Area - EN","apartments for sale in New Cairo","Phrase","Removed"
"386-792-3119","DEV - Madinet Masr - Search - Mobile","Brand+Area - EN","apartments for sale in New Heliopolis","Exact","Enabled"
"386-792-3119","DEV - Madinet Masr - Search - Mobile","Brand+Area - EN","apartments for sale in New Heliopolis","Phrase","Removed"
"386-792-3119","DEV - Sky AD Developments - Search - Mobile","Brand+Area - EN","apartments for sale in New Capital City","Exact","Enabled"
"386-792-3119","DEV - Sky AD Developments - Search - Mobile","Brand+Area - EN","apartments for sale in New Capital City","Phrase","Removed"
"386-792-3119","DEV - Sky AD Developments - Search - Mobile","Brand+Area - EN","Sky New Cairo","Exact","Enabled"
"386-792-3119","DEV - Sky AD Developments - Search - Mobile","Brand+Area - EN","Sky New Cairo","Phrase","Removed"
"386-792-3119","DEV - Orascom Development Egypt - Search - Mobile","Brand+Area - EN","villas for sale in 6th of October City","Exact","Enabled"
"386-792-3119","DEV - Orascom Development Egypt - Search - Mobile","Brand+Area - EN","villas for sale in 6th of October City","Phrase","Removed"
"386-792-3119","DEV - Orascom Development Egypt - Search - Mobile","Brand+Area - EN","villas for sale in October Gardens","Exact","Enabled"
"386-792-3119","DEV - Orascom Development Egypt - Search - Mobile","Brand+Area - EN","villas for sale in October Gardens","Phrase","Removed"
"386-792-3119","DEV - Orascom Development Egypt - Search - Mobile","Brand+Area - EN","Orascom October Gardens","Exact","Enabled"
"386-792-3119","DEV - Orascom Development Egypt - Search - Mobile","Brand+Area - EN","Orascom October Gardens","Phrase","Removed"
"386-792-3119","DEV - Orascom Development Egypt - Search - Mobile","Brand+Area - EN","apartments for sale in October Gardens","Exact","Enabled"
"386-792-3119","DEV - Orascom Development Egypt - Search - Mobile","Brand+Area - EN","apartments for sale in October Gardens","Phrase","Removed"
"386-792-3119","DEV - Inertia Egypt - Search - Mobile","Brand+Area - AR","شقق للبيع في رأس الحكمة","Exact","Enabled"
"386-792-3119","DEV - Inertia Egypt - Search - Mobile","Brand+Area - AR","شقق للبيع في رأس الحكمة","Phrase","Removed"
"386-792-3119","DEV - Sky AD Developments - Search - Mobile","Brand+Area - EN","apartments for sale in New Cairo","Exact","Enabled"
"386-792-3119","DEV - Sky AD Developments - Search - Mobile","Brand+Area - EN","apartments for sale in New Cairo","Phrase","Removed"
"386-792-3119","DEV - Inertia Egypt - Search - Mobile","Brand+Area - AR","إينرشيا رأس الحكمة","Exact","Enabled"
"386-792-3119","DEV - Inertia Egypt - Search - Mobile","Brand+Area - AR","إينرشيا رأس الحكمة","Phrase","Removed"
"386-792-3119","DEV - Inertia Egypt - Search - Mobile","Brand+Area - AR","شقق تقسيط رأس الحكمة","Exact","Enabled"
"386-792-3119","DEV - Inertia Egypt - Search - Mobile","Brand+Area - AR","شقق تقسيط رأس الحكمة","Phrase","Removed"
"386-792-3119","DEV - Sky AD Developments - Search - Mobile","Brand+Area - EN","villas for sale in New Capital City","Exact","Enabled"
"386-792-3119","DEV - Sky AD Developments - Search - Mobile","Brand+Area - EN","villas for sale in New Capital City","Phrase","Removed"
"386-792-3119","DEV - Sky AD Developments - Search - Mobile","Brand+Area - EN","villas for sale in New Cairo","Exact","Enabled"
"386-792-3119","DEV - Sky AD Developments - Search - Mobile","Brand+Area - EN","villas for sale in New Cairo","Phrase","Removed"
"386-792-3119","DEV - Orascom Development Egypt - Search - Mobile","Brand+Area - EN","apartments for sale in 6th of October City","Exact","Enabled"
"386-792-3119","DEV - Orascom Development Egypt - Search - Mobile","Brand+Area - EN","apartments for sale in 6th of October City","Phrase","Removed"
"386-792-3119","DEV - Inertia Egypt - Search - Mobile","Brand+Area - AR","إينرشيا كمبوندات","Exact","Enabled"
"386-792-3119","DEV - Inertia Egypt - Search - Mobile","Brand+Area - AR","إينرشيا كمبوندات","Phrase","Removed"
"386-792-3119","DEV - Inertia Egypt - Search - Mobile","Brand+Area - AR","شقق تقسيط مدينة السادس من أكتوبر","Exact","Enabled"
"386-792-3119","DEV - Inertia Egypt - Search - Mobile","Brand+Area - AR","شقق تقسيط مدينة السادس من أكتوبر","Phrase","Removed"
"386-792-3119","DEV - Inertia Egypt - Search - Mobile","Brand+Area - AR","شقق للبيع في مدينة السادس من أكتوبر","Exact","Enabled"
"386-792-3119","DEV - Inertia Egypt - Search - Mobile","Brand+Area - AR","شقق للبيع في مدينة السادس من أكتوبر","Phrase","Removed"
"386-792-3119","DEV - SODIC - Search - Mobile","Brand+Area - EN","SODIC Mostakbal City","Exact","Enabled"
"386-792-3119","DEV - SODIC - Search - Mobile","Brand+Area - EN","SODIC Mostakbal City","Phrase","Removed"
"386-792-3119","DEV - SODIC - Search - Mobile","Brand+Area - EN","apartments for sale in New Zayed","Exact","Enabled"
"386-792-3119","DEV - SODIC - Search - Mobile","Brand+Area - EN","apartments for sale in New Zayed","Phrase","Removed"
"386-792-3119","DEV - SODIC - Search - Mobile","Brand+Area - EN","villas for sale in New Zayed","Exact","Enabled"
"386-792-3119","DEV - SODIC - Search - Mobile","Brand+Area - EN","villas for sale in New Zayed","Phrase","Removed"
"386-792-3119","DEV - SODIC - Search - Mobile","Brand+Area - EN","villas for sale in Mostakbal City","Exact","Enabled"
"386-792-3119","DEV - SODIC - Search - Mobile","Brand+Area - EN","villas for sale in Mostakbal City","Phrase","Removed"
"386-792-3119","DEV - SODIC - Search - Mobile","Brand+Area - EN","apartments for sale in Mostakbal City","Exact","Enabled"
"386-792-3119","DEV - SODIC - Search - Mobile","Brand+Area - EN","apartments for sale in Mostakbal City","Phrase","Removed"
"386-792-3119","DEV - SODIC - Search - Mobile","Brand+Area - AR","شقق تقسيط الشيخ زايد الجديدة","Exact","Enabled"
"386-792-3119","DEV - SODIC - Search - Mobile","Brand+Area - AR","شقق تقسيط الشيخ زايد الجديدة","Phrase","Removed"
"386-792-3119","DEV - SODIC - Search - Mobile","Brand+Area - AR","شقق للبيع في مدينة المستقبل","Exact","Enabled"
"386-792-3119","DEV - SODIC - Search - Mobile","Brand+Area - AR","شقق للبيع في مدينة المستقبل","Phrase","Removed"
"386-792-3119","DEV - SODIC - Search - Mobile","Brand+Area - AR","شقق للبيع في الشيخ زايد الجديدة","Exact","Enabled"
"386-792-3119","DEV - SODIC - Search - Mobile","Brand+Area - AR","شقق للبيع في الشيخ زايد الجديدة","Phrase","Removed"
"386-792-3119","DEV - SODIC - Search - Mobile","Brand+Area - AR","سوديك مدينة المستقبل","Exact","Enabled"
"386-792-3119","DEV - SODIC - Search - Mobile","Brand+Area - AR","سوديك مدينة المستقبل","Phrase","Removed"
"386-792-3119","DEV - SODIC - Search - Mobile","Brand+Area - AR","شقق تقسيط مدينة المستقبل","Exact","Enabled"
"386-792-3119","DEV - SODIC - Search - Mobile","Brand+Area - AR","شقق تقسيط مدينة المستقبل","Phrase","Removed"
"386-792-3119","DEV - SODIC - Search - Mobile","Brand+Area - AR","سوديك كمبوندات","Exact","Enabled"
"386-792-3119","DEV - SODIC - Search - Mobile","Brand+Area - AR","سوديك كمبوندات","Phrase","Removed"
"386-792-3119","DEV - City Edge Developments - Search - Mobile","Brand+Area - AR","شقق للبيع في العاصمة الإدارية الجديدة","Exact","Enabled"
"386-792-3119","DEV - City Edge Developments - Search - Mobile","Brand+Area - AR","شقق للبيع في العاصمة الإدارية الجديدة","Phrase","Removed"
"386-792-3119","DEV - City Edge Developments - Search - Mobile","Brand+Area - AR","سيتي ايدج كمبوندات","Exact","Enabled"
"386-792-3119","DEV - City Edge Developments - Search - Mobile","Brand+Area - AR","سيتي ايدج كمبوندات","Phrase","Removed"
"386-792-3119","DEV - City Edge Developments - Search - Mobile","Brand+Area - AR","شقق للبيع في العلمين","Exact","Enabled"
"386-792-3119","DEV - City Edge Developments - Search - Mobile","Brand+Area - AR","شقق للبيع في العلمين","Phrase","Removed"
"386-792-3119","DEV - City Edge Developments - Search - Mobile","Brand+Area - AR","شقق تقسيط العلمين","Exact","Enabled"
"386-792-3119","DEV - City Edge Developments - Search - Mobile","Brand+Area - AR","شقق تقسيط العلمين","Phrase","Removed"
"386-792-3119","DEV - City Edge Developments - Search - Mobile","Brand+Area - AR","سيتي ايدج العلمين","Exact","Enabled"
"386-792-3119","DEV - City Edge Developments - Search - Mobile","Brand+Area - AR","سيتي ايدج العلمين","Phrase","Removed"
"386-792-3119","DEV - City Edge Developments - Search - Mobile","Brand+Area - AR","شقق تقسيط العاصمة الإدارية الجديدة","Exact","Enabled"
"386-792-3119","DEV - City Edge Developments - Search - Mobile","Brand+Area - AR","شقق تقسيط العاصمة الإدارية الجديدة","Phrase","Removed"
"386-792-3119","DEV - EGYGAB - Search - Mobile","Brand+Area - AR","شقق للبيع في القاهرة الجديدة","Exact","Enabled"
"386-792-3119","DEV - EGYGAB - Search - Mobile","Brand+Area - AR","شقق للبيع في القاهرة الجديدة","Phrase","Removed"
"386-792-3119","DEV - EGYGAB - Search - Mobile","Brand+Area - AR","ايجي جاب العاصمة الإدارية الجديدة","Exact","Enabled"
"386-792-3119","DEV - EGYGAB - Search - Mobile","Brand+Area - AR","ايجي جاب العاصمة الإدارية الجديدة","Phrase","Removed"
"386-792-3119","DEV - EGYGAB - Search - Mobile","Brand+Area - AR","شقق تقسيط القاهرة الجديدة","Exact","Enabled"
"386-792-3119","DEV - EGYGAB - Search - Mobile","Brand+Area - AR","شقق تقسيط القاهرة الجديدة","Phrase","Removed"
"386-792-3119","DEV - EGYGAB - Search - Mobile","Brand+Area - AR","شقق للبيع في العاصمة الإدارية الجديدة","Exact","Enabled"
"386-792-3119","DEV - EGYGAB - Search - Mobile","Brand+Area - AR","شقق للبيع في العاصمة الإدارية الجديدة","Phrase","Removed"
"386-792-3119","DEV - EGYGAB - Search - Mobile","Brand+Area - AR","شقق تقسيط العاصمة الإدارية الجديدة","Exact","Enabled"
"386-792-3119","DEV - EGYGAB - Search - Mobile","Brand+Area - AR","شقق تقسيط العاصمة الإدارية الجديدة","Phrase","Removed"
"386-792-3119","DEV - EGYGAB - Search - Mobile","Brand+Area - AR","ايجي جاب كمبوندات","Exact","Enabled"
"386-792-3119","DEV - EGYGAB - Search - Mobile","Brand+Area - AR","ايجي جاب كمبوندات","Phrase","Removed"
"386-792-3119","DEV - EGYGAB - Search - Mobile","Brand+Area - EN","villas for sale in New Cairo","Exact","Enabled"
"386-792-3119","DEV - EGYGAB - Search - Mobile","Brand+Area - EN","villas for sale in New Cairo","Phrase","Removed"
"386-792-3119","DEV - EGYGAB - Search - Mobile","Brand+Area - EN","apartments for sale in New Capital City","Exact","Enabled"
"386-792-3119","DEV - EGYGAB - Search - Mobile","Brand+Area - EN","apartments for sale in New Capital City","Phrase","Removed"
"386-792-3119","DEV - EGYGAB - Search - Mobile","Brand+Area - EN","villas for sale in New Capital City","Exact","Enabled"
"386-792-3119","DEV - EGYGAB - Search - Mobile","Brand+Area - EN","villas for sale in New Capital City","Phrase","Removed"
"386-792-3119","DEV - EGYGAB - Search - Mobile","Brand+Area - EN","EGYGAB New Capital City","Exact","Enabled"
"386-792-3119","DEV - EGYGAB - Search - Mobile","Brand+Area - EN","EGYGAB New Capital City","Phrase","Removed"
"386-792-3119","DEV - EGYGAB - Search - Mobile","Brand+Area - EN","apartments for sale in New Cairo","Exact","Enabled"
"386-792-3119","DEV - EGYGAB - Search - Mobile","Brand+Area - EN","apartments for sale in New Cairo","Phrase","Removed"
"386-792-3119","DEV - Gates Development - Search - Mobile","Brand+Area - AR","شقق للبيع في رأس الحكمة","Exact","Enabled"
"386-792-3119","DEV - Gates Development - Search - Mobile","Brand+Area - AR","شقق للبيع في رأس الحكمة","Phrase","Removed"
"386-792-3119","DEV - Gates Development - Search - Mobile","Brand+Area - AR","شقق تقسيط رأس الحكمة","Exact","Enabled"
"386-792-3119","DEV - Gates Development - Search - Mobile","Brand+Area - AR","شقق تقسيط رأس الحكمة","Phrase","Removed"
"386-792-3119","DEV - Gates Development - Search - Mobile","Brand+Area - AR","شقق تقسيط العاصمة الإدارية الجديدة","Exact","Enabled"
"386-792-3119","DEV - Gates Development - Search - Mobile","Brand+Area - AR","شقق تقسيط العاصمة الإدارية الجديدة","Phrase","Removed"
"386-792-3119","DEV - Gates Development - Search - Mobile","Brand+Area - AR","جيتس العاصمة الإدارية الجديدة","Exact","Enabled"
"386-792-3119","DEV - Gates Development - Search - Mobile","Brand+Area - AR","جيتس العاصمة الإدارية الجديدة","Phrase","Removed"
"386-792-3119","DEV - Better Home - Search - Mobile","Brand+Area - EN","Better New Capital City","Exact","Enabled"
"386-792-3119","DEV - Better Home - Search - Mobile","Brand+Area - EN","Better New Capital City","Phrase","Removed"
"386-792-3119","DEV - Saudi Egyptian Developers (SED) - Search - Mobile","Brand+Area - AR","شقق تقسيط العلمين","Exact","Enabled"
"386-792-3119","DEV - Saudi Egyptian Developers (SED) - Search - Mobile","Brand+Area - AR","شقق تقسيط العلمين","Phrase","Removed"
"386-792-3119","DEV - Better Home - Search - Mobile","Brand+Area - AR","بيتر هوم العاصمة الإدارية الجديدة","Exact","Enabled"
"386-792-3119","DEV - Better Home - Search - Mobile","Brand+Area - AR","بيتر هوم العاصمة الإدارية الجديدة","Phrase","Removed"
"386-792-3119","DEV - Better Home - Search - Mobile","Brand+Area - AR","شقق للبيع في العاصمة الإدارية الجديدة","Exact","Enabled"
"386-792-3119","DEV - Better Home - Search - Mobile","Brand+Area - AR","شقق للبيع في العاصمة الإدارية الجديدة","Phrase","Removed"
"386-792-3119","DEV - Saudi Egyptian Developers (SED) - Search - Mobile","Brand+Area - AR","شقق تقسيط التجمع السادس","Exact","Enabled"
"386-792-3119","DEV - Saudi Egyptian Developers (SED) - Search - Mobile","Brand+Area - AR","شقق تقسيط التجمع السادس","Phrase","Removed"
"386-792-3119","DEV - Saudi Egyptian Developers (SED) - Search - Mobile","Brand+Area - AR","السعودية المصرية كمبوندات","Exact","Enabled"
"386-792-3119","DEV - Saudi Egyptian Developers (SED) - Search - Mobile","Brand+Area - AR","السعودية المصرية كمبوندات","Phrase","Removed"
"386-792-3119","DEV - Better Home - Search - Mobile","Brand+Area - AR","شقق تقسيط القاهرة الجديدة","Exact","Enabled"
"386-792-3119","DEV - Better Home - Search - Mobile","Brand+Area - AR","شقق تقسيط القاهرة الجديدة","Phrase","Removed"
"386-792-3119","DEV - Better Home - Search - Mobile","Brand+Area - AR","شقق تقسيط العاصمة الإدارية الجديدة","Exact","Enabled"
"386-792-3119","DEV - Better Home - Search - Mobile","Brand+Area - AR","شقق تقسيط العاصمة الإدارية الجديدة","Phrase","Removed"
"386-792-3119","DEV - Saudi Egyptian Developers (SED) - Search - Mobile","Brand+Area - AR","شقق للبيع في العلمين","Exact","Enabled"
"386-792-3119","DEV - Saudi Egyptian Developers (SED) - Search - Mobile","Brand+Area - AR","شقق للبيع في العلمين","Phrase","Removed"
"386-792-3119","DEV - Saudi Egyptian Developers (SED) - Search - Mobile","Brand+Area - AR","السعودية المصرية العلمين","Exact","Enabled"
"386-792-3119","DEV - Saudi Egyptian Developers (SED) - Search - Mobile","Brand+Area - AR","السعودية المصرية العلمين","Phrase","Removed"
"386-792-3119","DEV - Better Home - Search - Mobile","Brand+Area - AR","بيتر هوم كمبوندات","Exact","Enabled"
"386-792-3119","DEV - Better Home - Search - Mobile","Brand+Area - AR","بيتر هوم كمبوندات","Phrase","Removed"
"386-792-3119","DEV - Better Home - Search - Mobile","Brand+Area - AR","شقق للبيع في القاهرة الجديدة","Exact","Enabled"
"386-792-3119","DEV - Better Home - Search - Mobile","Brand+Area - AR","شقق للبيع في القاهرة الجديدة","Phrase","Removed"
"386-792-3119","DEV - Saudi Egyptian Developers (SED) - Search - Mobile","Brand+Area - AR","شقق للبيع في التجمع السادس","Exact","Enabled"
"386-792-3119","DEV - Saudi Egyptian Developers (SED) - Search - Mobile","Brand+Area - AR","شقق للبيع في التجمع السادس","Phrase","Removed"
"386-792-3119","DEV - Inertia Egypt - Search - Mobile","Brand+Area - EN","villas for sale in 6th of October City","Exact","Enabled"
"386-792-3119","DEV - Inertia Egypt - Search - Mobile","Brand+Area - EN","villas for sale in 6th of October City","Phrase","Removed"
"386-792-3119","DEV - Inertia Egypt - Search - Mobile","Brand+Area - EN","Inertia Ras El Hekma","Exact","Enabled"
"386-792-3119","DEV - Inertia Egypt - Search - Mobile","Brand+Area - EN","Inertia Ras El Hekma","Phrase","Removed"
"386-792-3119","DEV - Orascom Development Egypt - Search - Mobile","Brand+Area - AR","شقق تقسيط حدائق اكتوبر","Exact","Enabled"
"386-792-3119","DEV - Orascom Development Egypt - Search - Mobile","Brand+Area - AR","شقق تقسيط حدائق اكتوبر","Phrase","Removed"
"386-792-3119","DEV - Orascom Development Egypt - Search - Mobile","Brand+Area - AR","اوراسكوم كمبوندات","Exact","Enabled"
"386-792-3119","DEV - Orascom Development Egypt - Search - Mobile","Brand+Area - AR","اوراسكوم كمبوندات","Phrase","Removed"
"386-792-3119","DEV - Inertia Egypt - Search - Mobile","Brand+Area - EN","apartments for sale in 6th of October City","Exact","Enabled"
"386-792-3119","DEV - Inertia Egypt - Search - Mobile","Brand+Area - EN","apartments for sale in 6th of October City","Phrase","Removed"
"386-792-3119","DEV - Orascom Development Egypt - Search - Mobile","Brand+Area - AR","شقق تقسيط مدينة السادس من أكتوبر","Exact","Enabled"
"386-792-3119","DEV - Orascom Development Egypt - Search - Mobile","Brand+Area - AR","شقق تقسيط مدينة السادس من أكتوبر","Phrase","Removed"
"386-792-3119","DEV - Inertia Egypt - Search - Mobile","Brand+Area - EN","apartments for sale in Ras El Hekma","Exact","Enabled"
"386-792-3119","DEV - Inertia Egypt - Search - Mobile","Brand+Area - EN","apartments for sale in Ras El Hekma","Phrase","Removed"
"386-792-3119","DEV - Orascom Development Egypt - Search - Mobile","Brand+Area - AR","شقق للبيع في مدينة السادس من أكتوبر","Exact","Enabled"
"386-792-3119","DEV - Orascom Development Egypt - Search - Mobile","Brand+Area - AR","شقق للبيع في مدينة السادس من أكتوبر","Phrase","Removed"
"386-792-3119","DEV - Orascom Development Egypt - Search - Mobile","Brand+Area - AR","اوراسكوم حدائق اكتوبر","Exact","Enabled"
"386-792-3119","DEV - Orascom Development Egypt - Search - Mobile","Brand+Area - AR","اوراسكوم حدائق اكتوبر","Phrase","Removed"
"386-792-3119","DEV - Inertia Egypt - Search - Mobile","Brand+Area - EN","villas for sale in Ras El Hekma","Exact","Enabled"
"386-792-3119","DEV - Inertia Egypt - Search - Mobile","Brand+Area - EN","villas for sale in Ras El Hekma","Phrase","Removed"
"386-792-3119","DEV - Orascom Development Egypt - Search - Mobile","Brand+Area - AR","شقق للبيع في حدائق اكتوبر","Exact","Enabled"
"386-792-3119","DEV - Orascom Development Egypt - Search - Mobile","Brand+Area - AR","شقق للبيع في حدائق اكتوبر","Phrase","Removed"
"386-792-3119","DEV - Sky AD Developments - Search - Mobile","Brand+Area - AR","شقق للبيع في العاصمة الإدارية الجديدة","Exact","Enabled"
"386-792-3119","DEV - Sky AD Developments - Search - Mobile","Brand+Area - AR","شقق للبيع في العاصمة الإدارية الجديدة","Phrase","Removed"
"386-792-3119","DEV - Sky AD Developments - Search - Mobile","Brand+Area - AR","شقق للبيع في القاهرة الجديدة","Exact","Enabled"
"386-792-3119","DEV - Sky AD Developments - Search - Mobile","Brand+Area - AR","شقق للبيع في القاهرة الجديدة","Phrase","Removed"
"386-792-3119","DEV - Sky AD Developments - Search - Mobile","Brand+Area - AR","سكاي القاهرة الجديدة","Exact","Enabled"
"386-792-3119","DEV - Sky AD Developments - Search - Mobile","Brand+Area - AR","سكاي القاهرة الجديدة","Phrase","Removed"
"386-792-3119","DEV - Sky AD Developments - Search - Mobile","Brand+Area - AR","شقق تقسيط القاهرة الجديدة","Exact","Enabled"
"386-792-3119","DEV - Sky AD Developments - Search - Mobile","Brand+Area - AR","شقق تقسيط القاهرة الجديدة","Phrase","Removed"
"386-792-3119","DEV - Sky AD Developments - Search - Mobile","Brand+Area - AR","شقق تقسيط العاصمة الإدارية الجديدة","Exact","Enabled"
"386-792-3119","DEV - Sky AD Developments - Search - Mobile","Brand+Area - AR","شقق تقسيط العاصمة الإدارية الجديدة","Phrase","Removed"
"386-792-3119","DEV - Sky AD Developments - Search - Mobile","Brand+Area - AR","سكاي كمبوندات","Exact","Enabled"
"386-792-3119","DEV - Sky AD Developments - Search - Mobile","Brand+Area - AR","سكاي كمبوندات","Phrase","Removed"
